repo_url,sha,mi_before_avg,mi_after_avg,mi_diff_avg,cc_before_avg,cc_after_avg,cc_diff_avg,loc_before_avg,loc_after_avg,loc_diff_avg
https://ghp_your_token_here@github.com/graphistry/pygraphistry.git,554e5585d07f570624d837538eacb5fd985c1dd7,9.42398515919072,9.346572495571797,-0.0774126636189223,246.0,247.0,1.0,844.0,845.0,1.0
https://ghp_your_token_here@github.com/graphistry/pygraphistry.git,4901f9e56ffcf560e61e1832dd5983afbcc21789,64.3200378670423,64.49181508664512,0.17177721960281714,58.05555555555556,58.05555555555556,0.0,297.6111111111111,294.3888888888889,-3.2222222222222223
https://ghp_your_token_here@github.com/gabadi/claude-squad.git,6d26eb20ba45e27ef2fece1149f171e34532115f,66.63605557594923,100.0,33.36394442405077,31.8,0.0,-31.8,255.2,0.0,-255.2
https://ghp_your_token_here@github.com/jeremyeder/tmux-ultimate.git,0a791dc5c4937e2d3a7d2e80a9b7571638ed5389,32.6511946589752,32.26481897665052,-0.3863756823246831,73.5,74.0,0.5,590.0,605.0,15.0
https://ghp_your_token_here@github.com/jeremyeder/tmux-ultimate.git,c3a4e7707cd0451c59b14df059f28bb32a1d69af,54.3145069815501,38.14250443156999,-16.172002549980117,50.666666666666664,76.33333333333333,25.666666666666668,410.6666666666667,513.0,102.33333333333333
https://ghp_your_token_here@github.com/fbraza/python-vitals.git,d5aad2726940c1cb451624afb933902020c72253,78.50365968821701,78.50365968821701,0.0,3.25,3.25,0.0,37.75,37.75,0.0
https://ghp_your_token_here@github.com/fbraza/python-vitals.git,2f44ba3ff015b20dd51dc18b7f09a81b9bc5c15e,78.99799282343116,78.70571415236765,-0.2922786710635208,10.5,11.5,1.0,123.5,129.5,6.0
https://ghp_your_token_here@github.com/safety-research/crosscoder_emergent_misalignment.git,7090d0d70913ad8dd66840daa9f13832d5a87e0d,100.0,70.55373884369537,-29.446261156304626,0.0,20.876712328767123,20.876712328767123,0.0,189.26027397260273,189.26027397260273
https://ghp_your_token_here@github.com/TexasCoding/project-x-py.git,41e3003a95d1087c70b67a75ac417cabdc60e75c,65.48457265990078,65.67624184752601,0.19166918762523721,28.0,28.0,0.0,703.0,694.0,-9.0
https://ghp_your_token_here@github.com/itdojp/ITDO_ERP2.git,397a89b906fd961723365cbfdf89fb67432d0ad7,64.37135960514028,64.27093970685416,-0.10041989828611733,30.608695652173914,30.608695652173914,0.0,244.63768115942028,253.31884057971016,8.681159420289855
https://ghp_your_token_here@github.com/graphistry/pygraphistry.git,a1141d950f4c0fcf028dfd591cb189e03d38e233,56.936179724596,49.19070079186859,-7.745478932727406,71.2,78.1,6.9,345.9,386.7,40.8
https://ghp_your_token_here@github.com/sog4be/sakurs.git,54ad008b1d296d0e1750af2c0e1c58ace19b38d3,71.59932114203048,60.60685286298101,-10.99246827904947,34.6,41.6,7.0,118.0,178.0,60.0
https://ghp_your_token_here@github.com/Jianxun/ams_compose.git,5a584b97f75d619c155f43388204daabe0e4d6bc,54.88608681975525,56.43870860496161,1.5526217852063624,13.0,12.0,-1.0,99.0,88.0,-11.0
https://ghp_your_token_here@github.com/Jianxun/ams_compose.git,a238702fee11dedf6608b654e8645ff06c6cfac6,54.79241851663835,54.40228121380017,-0.39013730283817694,52.0,55.0,3.0,314.0,376.0,62.0
https://ghp_your_token_here@github.com/bossjones/boss-bot.git,21ea79437f716810540318228b76b5fc93e4385b,75.32171997497494,59.03000520872625,-16.29171476624869,25.25,53.5,28.25,228.25,381.0,152.75
https://ghp_your_token_here@github.com/bossjones/boss-bot.git,c4901398a8e03ae124e93eb319f215ceef930edf,38.7906601380454,39.29634085514678,0.5056807171013773,81.0,80.0,-1.0,389.0,389.0,0.0
https://ghp_your_token_here@github.com/yar0316/simple-architect-assistant.git,7cdf50cd52ea33d27246bb8f47a9509588bb9a65,36.888312369829194,36.9363725713748,0.048060201545602865,78.0,78.0,0.0,604.0,603.0,-1.0
https://ghp_your_token_here@github.com/yar0316/simple-architect-assistant.git,c71c93fde099623e1160facbdb5fb1147f7827cb,36.9363725713748,35.604385339884885,-1.3319872314899115,78.0,88.0,10.0,603.0,603.0,0.0
https://ghp_your_token_here@github.com/yar0316/simple-architect-assistant.git,502f0c4f722ffb91adc7352a692fec67d3760dd1,37.25405469534357,37.29944462311938,0.0453899277758083,90.0,90.0,0.0,637.0,635.0,-2.0
https://ghp_your_token_here@github.com/handley-lab/blackjax.git,a9d0f162dffbe0c1f6c7c9d94362a285d021ee2b,62.34201461749618,62.612750289486584,0.27073567199039983,14.8,15.0,0.2,405.8,404.2,-1.6
https://ghp_your_token_here@github.com/rossry/luminary.git,c23dd8ebc6e8ae4ce18e3fa9706059e277ba5748,50.56601900911934,50.54566179134153,-0.02035721777780708,28.5,28.5,0.0,677.5,682.0,4.5
https://ghp_your_token_here@github.com/bossjones/boss-bot.git,a2e7ec9936e92600bac72d8c4b087b23c799e73c,67.34889190636595,64.38704333466981,-2.9618485716961303,17.0,16.5,-0.5,213.5,255.5,42.0
https://ghp_your_token_here@github.com/bossjones/boss-bot.git,367793df9a9e7adeec4a14ddc7216fcfe94608fc,64.76545053610842,64.76545053610842,0.0,19.0,19.0,0.0,208.0,208.0,0.0
https://ghp_your_token_here@github.com/bossjones/boss-bot.git,753ebc860bb330ec145b810adf7083725278e81f,72.06091122292725,78.30995239760013,6.2490411746728824,15.571428571428571,14.0,-1.5714285714285714,175.0,166.28571428571428,-8.714285714285714
https://ghp_your_token_here@github.com/jeremyeder/tmux-ultimate.git,0a791dc5c4937e2d3a7d2e80a9b7571638ed5389,32.6511946589752,32.26481897665052,-0.3863756823246831,73.5,74.0,0.5,590.0,605.0,15.0
https://ghp_your_token_here@github.com/jeremyeder/tmux-ultimate.git,c3a4e7707cd0451c59b14df059f28bb32a1d69af,54.3145069815501,38.14250443156999,-16.172002549980117,50.666666666666664,76.33333333333333,25.666666666666668,410.6666666666667,513.0,102.33333333333333
https://ghp_your_token_here@github.com/EchoingVesper/mcp-task-orchestrator.git,2eef53698b6e94bad13db51d36fbb838caaa334f,100.0,68.62226200671697,-31.377737993283034,0.0,12.0,12.0,0.0,117.0,117.0
https://ghp_your_token_here@github.com/endersclarity/jobbot.git,d851741a251e1dacb6f4d021c375561e8b79e44b,79.44503403249479,79.44503403249479,0.0,20.666666666666668,20.666666666666668,0.0,230.66666666666666,235.0,4.333333333333333
https://ghp_your_token_here@github.com/huluobohua/storm-loop.git,c911546df93f3f03708747bc347787d300566529,91.72971829313575,54.6550145481592,-37.074703744976546,2.6842105263157894,39.36842105263158,36.68421052631579,14.894736842105264,325.63157894736844,310.7368421052632
https://ghp_your_token_here@github.com/huluobohua/storm-loop.git,9431a4e2acb0458b26d4b5fe1f7f947a6d3ea813,95.46568054406383,71.97240263889157,-23.49327790517226,8.066666666666666,30.866666666666667,22.8,34.6,179.06666666666666,144.46666666666667
https://ghp_your_token_here@github.com/seconds-0/swe-bench-runner.git,8a3d230234c2c713c50b2ee86c40cb4b1b37012a,39.1670418367814,38.955965151250716,-0.21107668553068967,98.0,98.0,0.0,694.8333333333334,702.6666666666666,7.833333333333333
https://ghp_your_token_here@github.com/arockwell/emdx.git,ea30b07c5811716a54576cbd92d36d920182b537,23.05813934539829,22.970598153603706,-0.08754119179458364,139.5,140.0,0.5,1168.0,1172.0,4.0
https://ghp_your_token_here@github.com/ttpss930141011/auto-futures-trading-machine.git,95699a0dc3e34eefad219bb091a5ef5bc6a58b11,79.50414216293602,80.44137134144168,0.937229178505641,9.969696969696969,11.454545454545455,1.4848484848484849,67.92424242424242,73.15151515151516,5.2272727272727275
https://ghp_your_token_here@github.com/ttpss930141011/auto-futures-trading-machine.git,a61214fe7cc2b9d5bbbec3dc25d0c631c4f853b0,92.41879678461314,87.01992530897255,-5.398871475640587,7.6,11.6,4.0,65.6,87.8,22.2
https://ghp_your_token_here@github.com/DashCoreAutoGuix/dash.git,c781f1ad39708ae4b865300d57002a85a174fb7c,63.115766361547344,60.2321446510692,-2.883621710478143,10.333333333333334,12.0,1.6666666666666667,238.66666666666666,245.66666666666666,7.0
https://ghp_your_token_here@github.com/MementoRC/llm-pytest-analyzer.git,a8dbf359cf8ba1c4b6dcbcad746ce0e65e987a3f,100.0,59.444434771491274,-40.555565228508726,0.0,43.0,43.0,3.0,299.3333333333333,296.3333333333333
https://ghp_your_token_here@github.com/MementoRC/llm-pytest-analyzer.git,d24e697c60446e222757af92b8e6120a2c58c3cb,39.31526513631502,38.23141449448904,-1.0838506418259861,68.5,70.0,1.5,538.0,617.5,79.5
https://ghp_your_token_here@github.com/sankalpsthakur/astronova.git,2c9b9ea72e158bf400bf5d1c74dc82d8ffb48c19,71.59431341468523,74.8760743081404,3.2817608934551608,17.5,17.5,0.0,91.0,95.5,4.5
https://ghp_your_token_here@github.com/vgreg/MeatPy.git,252be78e0d6ec236cd46e72bf0c172637691549d,94.13719076732846,86.863622762817,-7.273568004511481,0.0,0.0,0.0,22.142857142857142,19.571428571428573,-2.5714285714285716
https://ghp_your_token_here@github.com/rickhallett/aysekai-international.git,4e7f14ea6175a5acc60d2821dc76d5431f28beb4,60.0851909092767,59.74990418181243,-0.33528672746426835,17.166666666666668,17.166666666666668,0.0,153.33333333333334,159.83333333333334,6.5
https://ghp_your_token_here@github.com/rickhallett/aysekai-international.git,636d299d0b53cddaffd6dafcda7d5623f2502b0c,77.163030716591,77.29598236525885,0.1329516486678557,18.8,18.8,0.0,130.0,131.6,1.6
https://ghp_your_token_here@github.com/rickhallett/aysekai-international.git,fdc3ac55aac425a323fe8f501d8ec61531b8a011,61.36415889404048,60.923327545988535,-0.4408313480519463,22.0,22.0,0.0,168.0,174.0,6.0
https://ghp_your_token_here@github.com/rickhallett/aysekai-international.git,38249e7e1c3ef09a00964e7191dd09eceed445d2,34.58408201809058,34.542733037453665,-0.04134898063691139,84.0,84.0,0.0,196.5,198.5,2.0
https://ghp_your_token_here@github.com/itdojp/ITDO_ERP2.git,d04335260192387506c32f194faee6e59a8fb8b5,50.603252332689586,51.21929344096552,0.6160411082759367,39.25,37.625,-1.625,356.5,356.125,-0.375
https://ghp_your_token_here@github.com/567-labs/kura.git,fdb9730af395527482c0fa9fd3dbe382557833cb,66.4103930794803,66.4103930794803,0.0,23.5,23.5,0.0,158.0,161.16666666666666,3.1666666666666665
https://ghp_your_token_here@github.com/567-labs/kura.git,87d6f93271ef7195f0a7598828abcdae8781bb58,84.5737362719887,51.56641961928319,-33.00731665270551,15.076923076923077,74.23076923076923,59.15384615384615,95.53846153846153,265.61538461538464,170.07692307692307
https://ghp_your_token_here@github.com/567-labs/kura.git,a3561b42fdd1a133774267aeeebbbd8f6cb2b1ce,46.07388933761838,45.98368614996937,-0.09020318764900637,41.5,41.5,0.0,283.5,299.5,16.0
https://ghp_your_token_here@github.com/8ly-dev/Serv.git,28ecc5ed0d22098df1af719fff533687b435915c,76.50872779112491,76.4190591751405,-0.08966861598440327,42.333333333333336,42.333333333333336,0.0,128.33333333333334,128.0,-0.3333333333333333
https://ghp_your_token_here@github.com/8ly-dev/Serv.git,5ae49df6a52e9a250307d1da53376c30755a6c13,56.883519690046036,57.45173116701188,0.568211476965845,39.333333333333336,39.333333333333336,0.0,168.0,173.0,5.0
https://ghp_your_token_here@github.com/8ly-dev/Serv.git,95b76da1e9859e0b99b32686325a72e6d4c84c4d,71.8519454202272,71.7278179798223,-0.12412744040489126,35.5,35.5,0.0,150.44444444444446,158.33333333333334,7.888888888888889
https://ghp_your_token_here@github.com/rossry/luminary.git,34e6444b30e66ade0da1521ff3dcf151d1b90057,100.0,71.9651610895114,-28.034838910488606,0.0,21.64406779661017,21.64406779661017,0.0,168.27118644067798,168.27118644067798
https://ghp_your_token_here@github.com/Red-Hat-AI-Innovation-Team/its_hub.git,5cc14cea5da34ada66583e894d2aabf8a0f730df,49.30266098441579,51.47381145740373,2.1711504729879394,72.0,64.0,-8.0,313.0,296.0,-17.0
https://ghp_your_token_here@github.com/graphistry/pygraphistry.git,554e5585d07f570624d837538eacb5fd985c1dd7,9.42398515919072,9.346572495571797,-0.0774126636189223,246.0,247.0,1.0,844.0,845.0,1.0
https://ghp_your_token_here@github.com/graphistry/pygraphistry.git,4901f9e56ffcf560e61e1832dd5983afbcc21789,64.3200378670423,64.49181508664512,0.17177721960281714,58.05555555555556,58.05555555555556,0.0,297.6111111111111,294.3888888888889,-3.2222222222222223
https://ghp_your_token_here@github.com/tokuhirom/debug-httpd.git,c31993135c5f310f3b9dcd589e1439cc3da6c445,100.0,66.00711524337274,-33.99288475662726,0.0,9.0,9.0,0.0,65.0,65.0
https://ghp_your_token_here@github.com/567-labs/kura.git,b43ff5f766c39a5cc4dd69e17defd945819a80db,72.14724407801576,61.54318285759787,-10.60406122041789,18.714285714285715,29.428571428571427,10.714285714285714,186.85714285714286,279.2857142857143,92.42857142857143
https://ghp_your_token_here@github.com/endersclarity/ai-enhanced-real-estate-crm.git,1889611986a328950ab37c193ec3f7c286bb7c2d,34.252570050654406,32.5581708580166,-1.6943991926378033,149.0,163.0,14.0,1246.3333333333333,1376.0,129.66666666666666
https://ghp_your_token_here@github.com/SecKatie/wyzeapy.git,b02284751f90662a88dfcaf5240dab067eba0ef4,67.09934939941795,66.78098515666632,-0.31836424275162734,27.103448275862068,27.103448275862068,0.0,200.9655172413793,212.93103448275863,11.96551724137931
https://ghp_your_token_here@github.com/compiler-explorer/explain.git,c0386df21a9091554bff469941eae967dac57f1f,100.0,69.29845528445956,-30.70154471554044,0.0,24.571428571428573,24.571428571428573,0.0,165.28571428571428,165.28571428571428
https://ghp_your_token_here@github.com/compiler-explorer/explain.git,e85f64b8143ed8e8f85aa7f6c5a97b63c7f6b706,50.16286910921196,50.16286910921196,0.0,36.0,36.0,0.0,258.0,259.0,1.0
https://ghp_your_token_here@github.com/compiler-explorer/explain.git,6bb824a590711816bfc882541c6ec2002357776e,71.43206864629163,45.208918176453004,-26.223150469838615,25.5,47.75,22.25,162.0,353.25,191.25
https://ghp_your_token_here@github.com/QuantumCephalopod/CCCC.git,008244d55c3ca9a634b6a2ac38ca8c65d319d694,45.04794053051289,45.04794053051289,0.0,20.0,20.0,0.0,80.0,80.0,0.0
https://ghp_your_token_here@github.com/alexanderthclark/FreeRide.git,bf7236818969722654db61d1a00ef7bef2736df0,60.50750790078639,58.45750349043783,-2.0500044103485635,30.0,45.0,15.0,243.0,246.0,3.0
https://ghp_your_token_here@github.com/bozelosp/remod.git,cf92211a243b23a43e14ef4cb69e71dd3c4514f4,52.566264689619366,46.02043964477651,-6.545825044842857,21.0,18.0,-3.0,97.0,77.0,-20.0
https://ghp_your_token_here@github.com/Zetascrub/RecaLLM.git,dd51b327576254b51c00dae7aee2ffe7dc2fb52c,59.98448578950949,58.8847042495186,-1.099781539990893,14.0,17.0,3.0,118.0,129.0,11.0
https://ghp_your_token_here@github.com/jgengo/intra-events-notify.git,9c4a3823300fc5eb136ef8fb4e666e6d0c0ae896,52.228792947535005,61.35880701751397,9.130014069978962,1.0,7.0,6.0,67.0,89.0,22.0
https://ghp_your_token_here@github.com/tpersp/EchoView.git,6bae32116cbafcd3c2b159e63a4a171c783c7f56,10.513611409657104,10.049197358635464,-0.4644140510216399,167.0,168.0,1.0,821.0,838.0,17.0
https://ghp_your_token_here@github.com/christopher-wolff/solver.git,4288cc96729e94f279a6eb24bce8a9e16bc82957,38.031024098643336,29.653351044238477,-8.377673054404859,10.0,19.0,9.0,167.0,256.0,89.0
https://ghp_your_token_here@github.com/solve-coagulate/lispfun.git,911e10d0b4ca4080865d68b5ae1a4e3e04d31683,50.134731784065636,44.07898355726169,-6.055748226803949,28.0,39.0,11.0,150.0,174.0,24.0
https://ghp_your_token_here@github.com/Boondock-Echo/scanner-controller.git,389977cb440e78b296e9394b3e29fa2187831700,69.47675494688491,69.5076170854885,0.030862138603596736,20.142857142857142,20.142857142857142,0.0,144.28571428571428,145.78571428571428,1.5
https://ghp_your_token_here@github.com/LPGAG24/EV_Efficacity_2025.git,2ab6ec737c8b9bfa02527e1413444af2a78405e7,56.4481106241924,56.20108587607578,-0.24702474811662256,40.0,40.0,0.0,263.0,272.0,9.0
https://ghp_your_token_here@github.com/joshuadanpeterson/enhanced-dash-mcp.git,172edd438904d3d8a66ad7ef4fe1740a741684b4,67.58413206219534,71.42538045479901,3.8412483926036742,4.0,4.0,0.0,15.0,11.0,-4.0
https://ghp_your_token_here@github.com/Binaryzero/legendary-rotary-phone.git,3eb5442ed45cf086c92c2e2035ad0fcfac4323af,46.15075982085137,43.33914830205909,-2.8116115187922865,39.5,42.0,2.5,171.0,193.0,22.0
https://ghp_your_token_here@github.com/ravenalaX8/codex-test.git,5bbb614aaded8b236e478d8d35042103be88e75b,81.85633424453339,100.0,18.143665755466614,1.0,1.0,0.0,5.0,11.0,6.0
https://ghp_your_token_here@github.com/langflow-ai/langflow.git,cb5a5f7f6c772be976a2c2d7ba33dda260d3e237,57.96581211071096,57.417650675706746,-0.5481614350042108,35.0,35.0,0.0,164.0,165.0,1.0
https://ghp_your_token_here@github.com/VeraLIMS/Fundalyze.git,7f2d83008e97d19d692bdd3023021f94801c136b,49.03532482999442,59.16786778788487,10.13254295789045,42.0,42.0,0.0,183.0,226.0,43.0
https://ghp_your_token_here@github.com/bvweerd/dynamic_energy_contract_calculator.git,b41c8c1dfb31865608711d48778beb7db23bf7f3,100.0,62.79275798279168,-37.20724201720832,0.0,18.666666666666668,18.666666666666668,0.0,185.0,185.0
https://ghp_your_token_here@github.com/TugrulKaraaslan/finansal-analiz-sistemi.git,edd49226924204a85b9f37c442948b974f5cff2d,61.9210588147491,61.9210588147491,0.0,9.0,9.0,0.0,47.666666666666664,47.666666666666664,0.0
https://ghp_your_token_here@github.com/brookcs3/restore-manager.git,219754b162de3cf09fb53a4189551ca7a3b4fbdf,100.0,70.76828966774117,-29.231710332258828,0.0,3.0,3.0,0.0,29.0,29.0
https://ghp_your_token_here@github.com/iklobato/lightapi.git,ad0e19be4342d853faeb2a730764f197b3becd0c,72.27634942512607,67.47116257673908,-4.805186848386992,22.444444444444443,32.0,9.555555555555555,124.0,179.88888888888889,55.888888888888886
https://ghp_your_token_here@github.com/Hankanman/Area-Occupancy-Detection.git,8af682dce1abe8df7d37249dca9220cf16e68edc,28.68928684744058,28.453453335740797,-0.2358335116997834,128.0,128.5,0.5,831.5,833.0,1.5
https://ghp_your_token_here@github.com/TugrulKaraaslan/finansal-analiz-sistemi.git,932b75b2d966b938e3f1efc125de1a4fee8615fe,36.198473425470986,36.198473425470986,0.0,101.0,101.0,0.0,538.0,538.0,0.0
https://ghp_your_token_here@github.com/The-Africa-Channel/Sentence-Segmentation-Aligner.git,571635fada6753813660b24276462a78b86b1032,40.02767808213618,51.84529176390114,11.81761368176496,51.0,51.0,0.0,363.0,454.0,91.0
https://ghp_your_token_here@github.com/rootfinding/news-please.git,35de31c3c44b17dc9aebcc16442e9736bdb2d69c,100.0,89.44104286286966,-10.558957137130335,4.0,7.0,3.0,38.0,45.0,7.0
https://ghp_your_token_here@github.com/TugrulKaraaslan/finansal-analiz-sistemi.git,03ee5ba973eb042eb2b0098eb404279dfabd3974,40.61892204726127,40.61892204726127,0.0,48.0,48.0,0.0,479.0,479.0,0.0
https://ghp_your_token_here@github.com/yigitdayoglu/email_verifier.git,245f4b06469c6d315fe501f81a52b2796a9e25a3,54.827702505418436,52.7497373329171,-2.0779651725013366,17.0,17.0,0.0,143.0,186.0,43.0
https://ghp_your_token_here@github.com/jacklatrobe/AzureMated.git,50650493216f2860ef97c5726c7a8cf13d71374a,70.34439611998438,69.6364402875226,-0.7079558324617778,21.0,21.0,0.0,110.0,113.0,3.0
https://ghp_your_token_here@github.com/CompleteTech-LLC-AI-Research/graphyte-ai.git,9d9bab568949527ed15acd81b6124a7f5f0c93dd,100.0,100.0,0.0,44.0,44.0,0.0,978.0,975.0,-3.0
https://ghp_your_token_here@github.com/komjaur/anywher.git,050f87992cdd20e4e0df8d99e5be80639acbfdba,67.63910438590023,63.34896617239476,-4.290138213505465,21.0,25.0,4.0,131.0,149.0,18.0
https://ghp_your_token_here@github.com/KristopherKubicki/glimpser.git,d10d0c22e134948fc189c16b8251aa1ecd990128,2.539339967521774,2.5575422432494004,0.01820227572762656,235.0,235.0,0.0,1340.0,1340.0,0.0
https://ghp_your_token_here@github.com/rootfinding/news-please.git,a2f2fd6cfb19d8358a6a7234288ee798b0959860,89.44104286286966,83.9551825602945,-5.485860302575162,7.0,10.0,3.0,45.0,49.0,4.0
https://ghp_your_token_here@github.com/bmander/graphserver.git,15dee211530ca41fda40fb36c4f7406910095c46,40.845165204129344,40.472345085599585,-0.37282011852975216,118.0,117.0,-1.0,420.5,422.5,2.0
https://ghp_your_token_here@github.com/bmander/graphserver.git,82ccfa3247f2a7486b2cf9d9ac27b979bbbd7058,49.39540607420508,57.85923038432416,8.46382431011908,30.0,21.0,-9.0,293.0,184.0,-109.0
https://ghp_your_token_here@github.com/Quillianne/drivers-ddboat-ros2.git,ab01f5b4ff6e61fd25e011d9fe4d77cf23755044,76.23876388352487,74.01450606406566,-2.2242578194592113,9.0,11.0,2.0,103.0,127.0,24.0
https://ghp_your_token_here@github.com/RajkumarSony/Excel-T.git,1887e45dd457a082b91faefed700224dab17b965,55.225236047938346,45.25979282240912,-9.96544322552923,66.0,82.81818181818181,16.818181818181817,301.0,371.72727272727275,70.72727272727273
https://ghp_your_token_here@github.com/FRAQTIV/xtraqtiv.git,06c63cd88cb6a4e7d52219d65da350615fe042f7,79.4573339506946,79.3912553881264,-0.06607856256820988,10.75,10.75,0.0,76.0,77.5,1.5
https://ghp_your_token_here@github.com/bozelosp/remod.git,20cd4b9e7b074cf23e38ed3adf8737e5fa7e886d,44.385441880839096,44.30923322050278,-0.0762086603363219,65.33333333333333,65.33333333333333,0.0,502.8333333333333,512.8333333333334,10.0
https://ghp_your_token_here@github.com/allegium/tg-graph.git,f1e66f50399428de2e0d5d0ebcc6abdc4c4d94c2,84.92839092164624,77.58246766288033,-7.345923258765904,2.5,4.5,2.0,38.0,45.25,7.25
https://ghp_your_token_here@github.com/smartpunter/schedule.git,79dd99742dd63573f0267021bfca9b4c61a09f70,20.7466781883762,18.755279759698965,-1.9913984286772362,132.0,140.0,8.0,455.0,479.0,24.0
https://ghp_your_token_here@github.com/TugrulKaraaslan/finansal-analiz-sistemi.git,82a45b037e388f4d322345d21405e8b7f39886b4,40.4192498444514,42.365606861955655,1.9463570175042524,55.0,55.0,0.0,442.6666666666667,451.3333333333333,8.666666666666666
https://ghp_your_token_here@github.com/kkryon/jarvis.git,ac1cc148c6e3108c6f7344764a196cafebbc7c98,70.7920077148413,52.9766719192184,-17.81533579562291,53.0,58.333333333333336,5.333333333333333,246.0,274.3333333333333,28.333333333333332
https://ghp_your_token_here@github.com/TugrulKaraaslan/finansal-analiz-sistemi.git,3814814b69a82d6e2065beb67b6a88350701d61b,63.19671755727281,83.54774213495655,20.351024577683724,9.2,9.2,0.0,46.8,61.8,15.0
https://ghp_your_token_here@github.com/Black-Milk/PageIndex.git,c9934d986f85277a79b230536c0bd148611a49c2,13.674719796436936,18.86062048100741,5.185900684570471,169.5,179.5,10.0,848.5,1215.0,366.5
https://ghp_your_token_here@github.com/obeone/scripts.git,7b9f00343bea2d3a2fc0b20fab170f23aff8c43d,1.091282217075301,0.8474066695820455,-0.24387554749325546,279.0,282.0,3.0,1537.0,1574.0,37.0
https://ghp_your_token_here@github.com/soumendrak/openodia.git,6f0bb58858e035927cbfe0450f757e94d0356c23,79.4119455234673,78.30752632283406,-1.1044192006332212,9.909090909090908,9.909090909090908,0.0,56.09090909090909,78.9090909090909,22.818181818181817
https://ghp_your_token_here@github.com/Ckrest/MythForge.git,c0dd9c10919f9fab76e112bb424cab3ad308c356,34.51829627608001,34.51829627608001,0.0,62.0,62.0,0.0,439.0,439.0,0.0
https://ghp_your_token_here@github.com/kamiyamazgc/text_agent.git,9ae3769793b98f5a20ff62bf8b42d1e7ad3993d8,60.82265426528623,53.43570580746362,-7.386948457822612,18.0,30.0,12.0,100.5,137.0,36.5
https://ghp_your_token_here@github.com/immunizedcarbon/Gemini-Telegram-Bot.git,3e4d0695b0ba2bde8be4a0c24372856cd4712d46,56.84997323127091,56.79589812355425,-0.05407510771665329,28.2,28.2,0.0,143.2,145.8,2.6
https://ghp_your_token_here@github.com/Juan-glitch/MCP-PROJECTT.git,fa996d75c02fe636c233c75151b363c638012f0f,92.99091822121119,88.2533641594283,-4.737554061782881,1.6666666666666667,12.222222222222221,10.555555555555555,11.222222222222221,78.77777777777777,67.55555555555556
https://ghp_your_token_here@github.com/TugrulKaraaslan/finansal-analiz-sistemi.git,937c760792aaad25738b9dd7dd22c38f25f05f5b,64.59617634598807,61.62728862327956,-2.9688877227085135,41.0,41.0,0.0,341.3333333333333,357.6666666666667,16.333333333333332
https://ghp_your_token_here@github.com/aandresalvarez/flujo.git,cfdd315da70f38dcc0c14d3d1f1fa61b2fd9d81a,44.88565272435025,43.87639543125933,-1.009257293090921,44.333333333333336,45.666666666666664,1.3333333333333333,347.6666666666667,325.3333333333333,-22.333333333333332
https://ghp_your_token_here@github.com/mattsq/XTYLearner.git,6a5580619f6f477525ae6ebfb7bc2acf846a1019,43.829005221569275,51.80360988255259,7.9746046609833146,46.333333333333336,46.333333333333336,0.0,272.6666666666667,288.6666666666667,16.0
https://ghp_your_token_here@github.com/ChenxingM/CXProjectManager.git,60811f25992c8d18952b7e1e7144ddade4f77555,38.257619069336485,38.257619069336485,0.0,51.0,51.0,0.0,749.0,749.0,0.0
https://ghp_your_token_here@github.com/oomlout/oomlout_oobb_version_5.git,bf91fc07abc9344cc21620e4c4411242d601c6c9,6.742041917268222,7.450670969994276,0.7086290527260539,199.0,199.0,0.0,1034.0,1207.0,173.0
https://ghp_your_token_here@github.com/basvanopheusden/magic-combat.git,56990b8f8742004df2ae8652d8d413a3cfb0624e,17.62964510840402,17.592208912311634,-0.037436196092386353,147.0,155.0,8.0,412.5,422.5,10.0
https://ghp_your_token_here@github.com/tomatyss/taskter-v1.git,011d0ade547c2ced633705f0638df13380d6c206,69.27539087222787,74.72851121859335,5.4531203463654805,4.0,4.0,0.0,36.0,44.0,8.0
https://ghp_your_token_here@github.com/tl-brcm/siteminder-policy-mcp.git,3a8c91c9b2a4ed5dcb3af9c0cc414cf86af74245,79.20407721143278,73.78846951014773,-5.415607701285037,7.777777777777778,7.777777777777778,0.0,62.44444444444444,74.11111111111111,11.666666666666666
https://ghp_your_token_here@github.com/The-Africa-Channel/Sentence-Segmentation-Aligner.git,e7c43cab73e5160787608517b620c789e92fe056,48.30366677011114,48.30366677011114,0.0,65.0,65.0,0.0,520.0,520.0,0.0
https://ghp_your_token_here@github.com/scottfalconer/boise-trails-ai.git,63d51ab4bd9e3fee82da30ff57c8c67c1623654a,14.499981678913299,13.138141888022934,-1.3618397908903639,139.0,156.5,17.5,755.0,805.0,50.0
https://ghp_your_token_here@github.com/Shaurya-Sethi/transqlate.git,7ff3cdd5c697273ec693708a6dd5f770d0a1cab6,100.0,100.0,0.0,0.0,1.0,1.0,0.0,4.0,4.0
https://ghp_your_token_here@github.com/edoelas/kkgepo.git,d4a80aa9a62059729bd294d762eea4758be0196d,67.54291886893681,53.639782892369674,-13.903135976567135,17.0,21.0,4.0,122.0,117.0,-5.0
https://ghp_your_token_here@github.com/TugrulKaraaslan/finansal-analiz-sistemi.git,b8dc6deac59a930f88415475b71de30673ec0516,61.11853521311138,61.11853521311138,0.0,31.0,31.0,0.0,215.0,215.0,0.0
https://ghp_your_token_here@github.com/portons/xyte-mcp-alpha.git,31eb36d710dde0b95e06164ad9077b8a0845f190,39.4555845657228,39.4555845657228,0.0,52.0,52.0,0.0,335.0,334.0,-1.0
https://ghp_your_token_here@github.com/DanteMarone/Cerebro.git,2ed6be3379c563645fe2a2fef4fd6981bd35b623,69.86684173500612,49.10396042201444,-20.76288131299167,27.0,33.0,6.0,217.0,248.0,31.0
https://ghp_your_token_here@github.com/michaelirey/mcp_graph_greeter.git,a2b93b0d02f4fa25c578041de06db719dcd4149a,79.7503833103738,79.7503833103738,0.0,8.0,8.0,0.0,85.0,85.0,0.0
https://ghp_your_token_here@github.com/bertmiller/GW170817.git,8665ce8f7cbd7e8b5d239cab23503d03dd26e70e,45.99541889361815,45.68996100568887,-0.3054578879292791,69.0,69.0,0.0,426.0,432.0,6.0
https://ghp_your_token_here@github.com/nodetool-ai/nodetool-fal.git,1daa1c7ae20fc23806dc2739cf347decc37184b5,31.250060749504538,30.137612859853995,-1.112447889650543,149.0,158.0,9.0,1099.0,1145.0,46.0
https://ghp_your_token_here@github.com/zeblk/replay_task.git,f7cb7bb6961e8d466ae4f58473447e5533f6ff3f,48.71549990225955,47.72524833189695,-0.9902515703626023,26.0,24.5,-1.5,267.0,275.5,8.5
https://ghp_your_token_here@github.com/AlexGreason/NozzleSim.git,5953e693e215e8406ba557cb2d3f9d9023bc02a0,24.810717982585608,33.53059852351727,8.719880540931662,130.0,99.0,-31.0,396.0,404.0,8.0
https://ghp_your_token_here@github.com/thesavant42/retrorecon.git,37a21de72ef6f4a32a750ece56fe33a9097b712c,46.90023192021033,36.13230134179875,-10.767930578411574,74.0,76.66666666666667,2.6666666666666665,390.0,399.0,9.0
https://ghp_your_token_here@github.com/Leyangf/AchromatCFW.git,6d7645ca3595ce9f48876f83e5cab329bfdac283,66.71639968623667,67.00572069910851,0.2893210128718309,21.0,21.0,0.0,157.5,173.5,16.0
https://ghp_your_token_here@github.com/ramsesyok/pytavoas.git,f46858b9a2d651e93e29150783affea6f1735de5,65.22464192744577,81.6856659616653,16.46102403421952,9.5,9.5,0.0,70.0,83.0,13.0
https://ghp_your_token_here@github.com/portons/xyte-mcp-alpha.git,fce7454b49580acc4d7fedabae94d37c6a5eadcf,82.11826396461038,82.8862090786262,0.7679451140158164,4.0,4.0,0.0,28.0,27.0,-1.0
https://ghp_your_token_here@github.com/chieffy99/builder.git,d7fb5a5359b538ac73c874998f1244ce6ea4d6ff,87.43073958853039,84.2937307351001,-3.137008853430288,2.5,2.5,0.0,33.25,32.25,-1.0
https://ghp_your_token_here@github.com/dowhiledev/nomos.git,e0df3595f96172751ce4f86ac91a3296bd6e0e1e,61.02238730606601,67.40437859560734,6.381991289541332,23.0,22.833333333333332,-0.16666666666666666,98.0,99.33333333333333,1.3333333333333333
https://ghp_your_token_here@github.com/dowhiledev/nomos.git,f36ed54dbe1db3019aa8e4ab50511ea5d1980fc8,72.1951597273842,72.24789033405806,0.05273060667386176,33.75,33.75,0.0,155.25,150.75,-4.5
https://ghp_your_token_here@github.com/Larz1881/horse_racing_project.git,bb23385e297771e84e75a7fc868debff1f4de80b,30.923796220262375,30.57658820849326,-0.34720801176911564,71.0,71.0,0.0,954.0,997.0,43.0
https://ghp_your_token_here@github.com/gevahaviv1/Nand2Tetris-EX11.git,5e258bd04de870da22cc12348d48aa2a9e748502,42.373119508828,54.487994570229766,12.114875061401769,29.0,27.0,-2.0,84.0,113.0,29.0
https://ghp_your_token_here@github.com/joshuadanpeterson/enhanced-dash-mcp.git,91c26b2c67dfb278dfe5a912409b2ba0aa8773ef,52.85605220903241,52.76712945654842,-0.08892275248399469,82.66666666666667,83.0,0.3333333333333333,459.6666666666667,461.3333333333333,1.6666666666666667
https://ghp_your_token_here@github.com/a20r/dirtgenie.git,09f021a8420747933eac34c1d3a38aff6ca99a84,22.12600541289017,21.11724832672989,-1.00875708616028,171.0,171.0,0.0,1417.0,1557.0,140.0
https://ghp_your_token_here@github.com/a20r/dirtgenie.git,a725d0edbe66a4c61921b7a8b2d343576b814304,39.5942471200676,38.706445916747235,-0.8878012033203705,82.66666666666667,86.0,3.3333333333333335,824.3333333333334,872.3333333333334,48.0
https://ghp_your_token_here@github.com/SECQUOIA/gdplib.git,c15e544849fee557a8b076860585c2de98eca983,71.92897783208181,72.01344093065332,0.08446309857149714,25.0,25.0,0.0,482.5,485.0,2.5
https://ghp_your_token_here@github.com/wdvr/mcp-kayak.git,98090d9bff38724eaffdfe4e701a7e5ca28bd2bc,62.158914671022124,57.76183091320841,-4.397083757813714,9.0,11.166666666666666,2.1666666666666665,58.666666666666664,71.66666666666667,13.0
https://ghp_your_token_here@github.com/chain11207/Python-Practice.git,3aeec5579cdedc5a6f0c94dba68d5542e134ba08,60.38891221411177,90.12290350924107,29.7339912951293,0.0,0.0,0.0,18.0,24.0,6.0
https://ghp_your_token_here@github.com/dowhiledev/nomos.git,9a7ad4a6ebe7d4a3de79f7850a19e55ee1dc1bb0,84.1155722376031,83.67815036497828,-0.4374218726248292,5.333333333333333,5.333333333333333,0.0,58.333333333333336,62.666666666666664,4.333333333333333
https://ghp_your_token_here@github.com/CompleteTech-LLC-AI-Research/graphyte-ai.git,1c6332fb8bf1248ee4e63135a79140899d23cd7d,100.0,100.0,0.0,0.0,0.0,0.0,488.0,491.0,3.0
https://ghp_your_token_here@github.com/Schmaty/courtcam.git,b161736a1e1a712c3ad6615134ab7f3195adf127,0.0,0.0,0.0,367.0,374.0,7.0,2640.0,2668.0,28.0
https://ghp_your_token_here@github.com/Schmaty/courtcam.git,24e74731ba48796c2aa07ecffcb3db0e94e15103,0.0,0.0,0.0,374.0,378.0,4.0,2668.0,2701.0,33.0
https://ghp_your_token_here@github.com/Artbeatcap/trading-app-troubleshoot.git,f79a0cdd263271ef128b64c1d2b6b755087a6533,5.884169535419727,6.227981499887097,0.3438119644673696,203.0,201.0,-2.0,1474.0,1473.0,-1.0
https://ghp_your_token_here@github.com/RolandGit95/FromSurface2DepthFinal.git,d148a8666be793bb5885da6cb509f87f919cc189,75.3755567373715,72.93330341304947,-2.4422533243220235,9.142857142857142,9.142857142857142,0.0,90.28571428571429,115.57142857142857,25.285714285714285
https://ghp_your_token_here@github.com/Udhul/SAM-Batcher.git,c9980c4f02a457a0dcc1f876c8a13a7918373567,60.07862741565614,60.2072806349568,0.12865321930065932,62.0,62.0,0.0,377.5,377.0,-0.5
https://ghp_your_token_here@github.com/mojwinter/DeeFuse.git,9bc6576ce3bb16ceb24394fccb94074ac2e639fb,69.33318510918114,46.83834919028223,-22.494835918898914,36.0,36.5,0.5,233.5,298.0,64.5
https://ghp_your_token_here@github.com/jrkropp/open-webui-developer-toolkit.git,1d0360370fb213cc926b86acf6a0283d755f2657,20.235427704520532,19.48529850657168,-0.7501291979488514,198.0,199.0,1.0,1276.0,1315.0,39.0
https://ghp_your_token_here@github.com/The-Africa-Channel/Sentence-Segmentation-Aligner.git,d29c864b4618bb714ba22ef30f68eebc3e931d77,49.05955582455617,48.833849946116906,-0.22570587843926404,62.0,62.0,0.0,526.0,539.0,13.0
https://ghp_your_token_here@github.com/The-Africa-Channel/Sentence-Segmentation-Aligner.git,49cc06ddca22e00a1953091c9e5b97f9c6571253,48.833849946116906,48.833849946116906,0.0,62.0,62.0,0.0,539.0,539.0,0.0
https://ghp_your_token_here@github.com/faridani/privatepilot-video.git,68fd0d8270f0995e7bd238d50eed2a44deba6674,22.054747502338984,21.28376461881581,-0.7709828835231747,64.0,67.0,3.0,305.0,366.0,61.0
https://ghp_your_token_here@github.com/stewmckendry/ai-delivery-sandbox.git,e4f3a7e02fc1b9ff9cf5655f301213f41a562ecb,42.39746603893151,40.69335958704458,-1.704106451886929,22.0,24.0,2.0,160.33333333333334,175.0,14.666666666666666
https://ghp_your_token_here@github.com/MONATYC/dashboard.git,1c9a637a03d1e47c0d0a32f4194094d0bb701ae8,35.907139605603895,35.92164889130734,0.014509285703447006,73.0,73.0,0.0,727.0,726.0,-1.0
https://ghp_your_token_here@github.com/L1nwatch/auto_market.git,461d02c8f8993f060653f0a67b78687253eff9fd,61.636524490513104,56.93471613110148,-4.7018083594116264,22.333333333333332,23.666666666666668,1.3333333333333333,135.0,135.66666666666666,0.6666666666666666
https://ghp_your_token_here@github.com/bozelosp/remod.git,cccc5b2c1adf5a8a16a99ad0e5f0d1a445a5a00c,37.78206884330593,38.08000665723483,0.2979378139289057,27.75,27.75,0.0,336.0,336.0,0.0
https://ghp_your_token_here@github.com/goodtune/boxedin.git,da8cdab6c586de6b5f1731ef4a2a97ffeb395904,82.58542829613793,82.68904335073462,0.10361505459668247,9.727272727272727,9.727272727272727,0.0,68.27272727272727,68.45454545454545,0.18181818181818182
https://ghp_your_token_here@github.com/kurtbrose/macrotype.git,3989ae7c85229488998ff7def51ae7147b859ffe,7.588259358923175,7.475122354916108,-0.11313700400706672,221.0,221.0,0.0,664.0,671.0,7.0
https://ghp_your_token_here@github.com/dowhiledev/nomos.git,345921a88a83690c73be540af5e3679ea5750774,80.09513793344486,100.0,19.90486206655514,21.0,0.0,-21.0,131.25,0.0,-131.25
https://ghp_your_token_here@github.com/dowhiledev/nomos.git,c9236eea34da0d548527327344ab9681b241bada,60.263189152331705,60.19997117175475,-0.06321798057695815,50.0,50.0,0.0,270.0,272.0,2.0
https://ghp_your_token_here@github.com/dowhiledev/nomos.git,8620ecfbed655d048123574374113db46b7c3091,51.95813700589934,52.32749646948926,0.3693594635899231,24.0,24.0,0.0,183.0,185.0,2.0
https://ghp_your_token_here@github.com/CompleteTech-LLC-AI-Research/graphyte-ai.git,007577734e0baebc99c35b9627c67e4c03370f22,100.0,100.0,0.0,21.0,21.5,0.5,460.5,472.0,11.5
https://ghp_your_token_here@github.com/folterung/oracles_lens.git,de152938f335780a4c102c340d725cf10a76d696,53.24941877427221,37.46292982880509,-15.786488945467116,15.0,25.0,10.0,71.0,123.5,52.5
https://ghp_your_token_here@github.com/ISenseHostility/Droid.git,2b23d7002843ea5060b87da22aa56775d763ae4b,58.381163090426384,61.65012134247659,3.2689582520502043,10.0,10.0,0.0,45.0,45.0,0.0
https://ghp_your_token_here@github.com/sserkanakin/reproduction-project.git,7dc3ee5cd8ff6ebcf3b80631033d68a7f7e171b9,84.61970352849495,83.54127461697578,-1.078428911519169,11.2,8.7,-2.5,81.2,81.9,0.7
https://ghp_your_token_here@github.com/TugrulKaraaslan/finansal-analiz-sistemi.git,b1c1e3f6018b83ddabfe4654ab8839c5153837ac,68.6729076038547,68.6729076038547,0.0,26.0,26.0,0.0,167.0,168.5,1.5
https://ghp_your_token_here@github.com/YPAndrew0907/Telegram-research.git,de84fdd2fff6421d1d86dc6d2d0317f40ed28d80,100.0,25.119025981990198,-74.8809740180098,0.0,75.0,75.0,0.0,303.0,303.0
https://ghp_your_token_here@github.com/VeraLIMS/Fundalyze.git,32da56c68b283ab1f65b4c1baa9e88fe8a58f3de,52.8897462442853,53.17922115020766,0.28947490592236136,33.0,32.6,-0.4,156.0,161.6,5.6
https://ghp_your_token_here@github.com/TugrulKaraaslan/finansal-analiz-sistemi.git,4b9ff11f4e83b7081ad89a0452bb696de1cfa16a,42.5654392497986,42.5654392497986,0.0,48.0,48.0,0.0,488.0,488.0,0.0
https://ghp_your_token_here@github.com/juanmalinares/Player-profiler.git,377317431ee1e0b2b5a8dbf21651100c2c2ac58b,0.0,0.0,0.0,249.0,249.0,0.0,725.0,748.0,23.0
https://ghp_your_token_here@github.com/thejasonhowell/weather-bot.git,7406fd2ccffc300e3b43a12149b0b317fc202256,49.22648245567778,49.22648245567778,0.0,50.0,50.0,0.0,362.0,362.0,0.0
https://ghp_your_token_here@github.com/LPGAG24/EV_Efficacity_2025.git,f70ce34777332ecb9ffb0f914dfdb48d7f59f47e,36.81747667491915,36.81747667491915,0.0,7.0,7.0,0.0,543.0,543.0,0.0
https://ghp_your_token_here@github.com/EleusisEnterprises/ShowControl.git,0e5ed2036e1a0a054f8c83ed60d8936c83a7d762,100.0,93.24442929022126,-6.755570709778738,0.0,0.0,0.0,0.0,43.0,43.0
https://ghp_your_token_here@github.com/jkatigb/mlops-projects.git,5c00ddd4b4d77dafef5c3bcb9b4cae5b2cb54ff2,63.55589891430177,60.282223123388334,-3.273675790913437,3.0,5.0,2.0,34.0,48.0,14.0
https://ghp_your_token_here@github.com/jonkensta/ibp-server.git,9ffb3105d096febe1b487eaeb293f6543a89d473,50.564013123921384,50.485872910925515,-0.07814021299586926,11.0,11.0,0.0,172.0,172.0,0.0
https://ghp_your_token_here@github.com/SyntaxAsSpiral/Paneudaemonium.git,33d031c524089ddcb6c252432421e3b37a45e4db,58.372450640550696,57.89088922552635,-0.4815614150243448,6.0,8.0,2.0,78.5,85.0,6.5
https://ghp_your_token_here@github.com/kjanat/mkdocs-exam.git,ecb80ad9e579d0cf402a2e793e136d9a95aeca6d,53.058926290606585,53.058926290606585,0.0,45.0,45.0,0.0,142.0,142.0,0.0
https://ghp_your_token_here@github.com/Mentis123/Codex-Crawler.git,0f717b6f88ece5e57f7082d67a86f45fac4e9fcd,48.306782443997406,48.306782443997406,0.0,37.0,37.0,0.0,190.0,190.0,0.0
https://ghp_your_token_here@github.com/TugrulKaraaslan/finansal-analiz-sistemi.git,9d2b3c3d32c3df48016d3211e2be66e71253dd0e,73.70318061218578,61.25338106710008,-12.449799545085689,18.0,18.0,0.0,182.0,179.25,-2.75
https://ghp_your_token_here@github.com/vitarb/valkey_agentic_demo.git,22306b1ee1558baaefdfb3b1a22ef9972b793d5e,53.455514130620855,53.455514130620855,0.0,8.0,8.0,0.0,103.5,103.5,0.0
https://ghp_your_token_here@github.com/joshuadanpeterson/enhanced-dash-mcp.git,52cdaeb7c3f5c821464c094bb6f7d9f90487312f,66.12375720067395,66.12375720067395,0.0,5.0,5.0,0.0,19.0,21.0,2.0
https://ghp_your_token_here@github.com/Isaac-McPadden/Farkle_II.git,04437a0f4a4d25a23a1fd9056e1238a64add98bd,71.65699864860494,69.74803433604505,-1.9089643125598883,5.0,5.0,0.0,110.0,132.0,22.0
https://ghp_your_token_here@github.com/Gilberto-xyz/Coberturas_Turbo.git,3ce112ccad3db23f24ae16a50d22597ef53ed34b,2.6439671700072336,1.494835238757323,-1.1491319312499106,87.0,94.0,7.0,1841.0,1866.0,25.0
https://ghp_your_token_here@github.com/bozelosp/remod.git,8bd2e17e6424d89c86c6067b21cc07f55ef85e01,20.225411728504923,9.114425666877608,-11.110986061627315,123.0,124.0,1.0,994.0,845.0,-149.0
https://ghp_your_token_here@github.com/andrewyamamoto/bazaar-tracker.git,2e164c09fb35aa1d3cde86f46aaa0f48fe26fd94,24.048546762422653,24.034231010394848,-0.014315752027805217,40.0,40.0,0.0,676.0,678.0,2.0
https://ghp_your_token_here@github.com/goodtune/vitriolic.git,a327ad5bf8800808bf76f6ba86dfff97f792e455,100.0,78.79075084035532,-21.20924915964469,8.5,9.0,0.5,78.5,80.5,2.0
https://ghp_your_token_here@github.com/TugrulKaraaslan/finansal-analiz-sistemi.git,d57576b652f822727b1a8ed04605cea37c21c843,51.93537289960345,51.93537289960345,0.0,31.0,31.0,0.0,345.0,345.0,0.0
https://ghp_your_token_here@github.com/TugrulKaraaslan/finansal-analiz-sistemi.git,b741a9bd5720ab1d8e5a8ac94342f01fcf657b88,47.717628382367714,40.75361047028376,-6.964017912083953,48.0,48.0,0.0,537.0,472.0,-65.0
https://ghp_your_token_here@github.com/zdhoward/aud.git,4722fd0dd6cbc43afb541682c7bfbbfe79a82735,51.94032094712675,51.54711495983274,-0.39320598729399975,56.2,56.2,0.0,249.6,269.8,20.2
https://ghp_your_token_here@github.com/ih/continuous-learning-experiments.git,6d2b873c0132babd61b50bb97097b406fa9be654,77.87687916567006,77.87687916567006,0.0,6.0,6.0,0.0,65.0,65.0,0.0
https://ghp_your_token_here@github.com/TugrulKaraaslan/finansal-analiz-sistemi.git,3c23789c538d2d6f049990716e7fe70fdd3edf85,44.93919244986911,51.842466142494494,6.903273692625382,93.5,93.5,0.0,509.0,538.0,29.0
https://ghp_your_token_here@github.com/croquant/sumoracle.git,8f6fc467388cb4e7e15d93102838aff6b2f22a90,55.98759459286674,60.33137504457042,4.3437804517036795,25.0,27.0,2.0,63.0,74.0,11.0
https://ghp_your_token_here@github.com/hi-ropon/PUMA.git,59260d5730c222ddb12e42b126cd87947ee1ce03,17.609458706350637,29.509793914789565,11.900335208438928,88.0,65.0,-23.0,468.0,393.0,-75.0
https://ghp_your_token_here@github.com/jgengo/portfolio-herbarium-bot.git,e11d0e6c8e523936d851003a20d3cea8fed60bfa,54.684819121492296,55.9199628830379,1.2351437615456007,17.0,17.0,0.0,175.0,199.0,24.0
https://ghp_your_token_here@github.com/pyXeon/FrequencyTester.git,2dc3cff33aa9db23dc59bb871b31b105fe01eb63,44.47150809238983,71.64764029776858,27.176132205378742,6.0,6.0,0.0,83.0,109.0,26.0
https://ghp_your_token_here@github.com/rbnfr/DNA-web.git,6cf91b23ba18c535e2387566acfdaaa04eb72877,35.109705821839405,33.16023962833026,-1.9494661935091457,41.0,41.0,0.0,230.0,409.0,179.0
https://ghp_your_token_here@github.com/Ckrest/MythForge.git,a886a55193bb988e6eb462e7d7b48c2c05edf784,66.59055339077393,56.90334649079752,-9.687206899976417,7.0,11.0,4.0,38.0,45.0,7.0
https://ghp_your_token_here@github.com/Bryan-Roe-ai/semantic-kernel.git,cfebbafedd0f142832b6a1e9d58590e20078b722,82.75271711055672,76.21849923991861,-6.534217870638102,8.0,12.0,4.0,86.0,95.0,9.0
https://ghp_your_token_here@github.com/JLago-Alicerce/wiki_modular.git,583444fd78355a9e0eaca8fc742adc5293d2bb42,64.92797478287542,66.45904320962796,1.5310684267525403,9.666666666666666,8.333333333333334,-1.3333333333333333,89.33333333333333,81.0,-8.333333333333334
https://ghp_your_token_here@github.com/WonJayne/mc_dagprop.git,140857bfc359941658212171973d9287b43a5b31,55.467294951203584,55.26152600132095,-0.20576894988263206,47.0,47.0,0.0,188.0,204.0,16.0
https://ghp_your_token_here@github.com/DO1FFE/991a-remote.git,e2c7ca202cd6b4be9813b6408f5eff2a617b3372,41.86651918359378,33.498182147916076,-8.368337035677705,24.0,47.0,23.0,133.0,191.0,58.0
https://ghp_your_token_here@github.com/TugrulKaraaslan/finansal-analiz-sistemi.git,254f16d9bccdf9c0677e420eb052bcd950b20c07,34.132717312508646,34.09658233052974,-0.03613498197890408,89.0,89.0,0.0,604.0,606.0,2.0
https://ghp_your_token_here@github.com/lefebma/els-crm.git,2097df0f41c0e665e1dbba6b88e65d03755275a7,60.340903377158135,77.92337749430429,17.582474117146155,73.31904761904762,40.79047619047619,-32.52857142857143,407.27142857142854,218.55714285714285,-188.71428571428572
https://ghp_your_token_here@github.com/ash2d/wildlife-tools.git,697528b48bfd7632bc110b73c9684b98ac87b5d9,60.798396417598674,53.52205762259739,-7.276338795001287,9.0,22.0,13.0,141.0,186.0,45.0
https://ghp_your_token_here@github.com/TugrulKaraaslan/finansal-analiz-sistemi.git,d13be3cdff46d182e8ca1fd0583f8bf8c8b2054b,61.07109865143068,62.48052979462416,1.4094311431934856,43.0,43.0,0.0,255.8,261.6,5.8
https://ghp_your_token_here@github.com/joshuadanpeterson/enhanced-dash-mcp.git,da23af6a509eb331f11d5a11e9611ca279c8c7b0,48.01786254252982,46.125867368452816,-1.8919951740770031,86.0,87.66666666666667,1.6666666666666667,474.3333333333333,483.3333333333333,9.0
https://ghp_your_token_here@github.com/langflow-ai/langflow.git,cb5a5f7f6c772be976a2c2d7ba33dda260d3e237,57.96581211071096,57.417650675706746,-0.5481614350042108,35.0,35.0,0.0,164.0,165.0,1.0
https://ghp_your_token_here@github.com/Curano-AI/whisper_server.git,30cf7a28ee9e70c43c81f380a089b650c5c60e68,62.24672247109627,62.24672247109627,0.0,7.0,7.0,0.0,83.0,83.0,0.0
https://ghp_your_token_here@github.com/rottino15/inceptia-desafio.git,d8393d57b3562c04b7364255457c241755a04614,82.56842909351943,78.15758317406282,-4.410845919456612,5.25,6.25,1.0,57.25,60.25,3.0
https://ghp_your_token_here@github.com/bozelosp/remod.git,63a4f309a30f571b371611eb0086fbac15699aa7,32.336977127197144,32.336977127197144,0.0,48.25,48.25,0.0,555.25,555.25,0.0
https://ghp_your_token_here@github.com/vaeryn-uk/ollama-cli-code-agent.git,dea1d7f2ab3e1e2fe3c2f20cd124578f63aff043,75.06843020642104,59.88983793213157,-15.178592274289471,15.25,19.25,4.0,79.75,99.75,20.0
https://ghp_your_token_here@github.com/blalterman/SolarWindPy.git,8c4f85b9a0e2788b89a4e7eececb607677001032,60.868296783984924,62.82039475698983,1.9520979730049006,46.588235294117645,45.35294117647059,-1.2352941176470589,476.29411764705884,456.3529411764706,-19.941176470588236
https://ghp_your_token_here@github.com/ikanher/Pynytprof.git,0d245abce86bcf140c6e698b0126a63c0e6f741c,72.6412060520218,54.92365315100845,-17.71755290101335,13.5,16.0,2.5,77.5,105.0,27.5
https://ghp_your_token_here@github.com/portons/xyte-mcp-alpha.git,f0beef6c7ae9e3daa1f0e9ac6c5bafedf58c812a,79.51897060471235,79.95592206279365,0.4369514580812961,4.25,4.25,0.0,35.25,34.5,-0.75
https://ghp_your_token_here@github.com/kamekazz/DataWasher.git,4bc239f2ad5bf5495f3c49f99e3bc808221d5e42,68.55039693072278,67.12109174378149,-1.429305186941285,14.0,14.0,0.0,89.66666666666667,93.0,3.3333333333333335
https://ghp_your_token_here@github.com/owlsand/gentlebot.git,62fa3517c74859915790fd335b3182d2b524cc7a,47.75913996364353,47.334517979799465,-0.42462198384406236,37.0,37.0,0.0,171.0,180.0,9.0
https://ghp_your_token_here@github.com/KevinGliewe/r42.git,9f7ce02559f2e90bbbccc181c01377ec0c864bf9,83.06689618187481,96.93738871099048,13.870492529115666,0.0,0.0,0.0,25.0,38.0,13.0
https://ghp_your_token_here@github.com/chikocosta/selecionei.git,af391a5d261293c150d9eaae062b2da1da4e3516,42.403058052527044,42.403058052527044,0.0,56.0,56.0,0.0,382.0,382.0,0.0
https://ghp_your_token_here@github.com/MAYMAY0330/NewsRender.git,5616e4b088c5838ac8de13d4d4ebc145bd8aa541,51.07518180111518,50.65568329941863,-0.4194985016965518,19.5,20.5,1.0,128.0,127.0,-1.0
https://ghp_your_token_here@github.com/KristopherKubicki/glimpser.git,4cdedf3a01ddea96feaf8dfffb3e706f04b612be,38.36592034659887,37.78246529054598,-0.5834550560528906,125.0,125.5,0.5,705.5,707.0,1.5
https://ghp_your_token_here@github.com/Nikduke/FS.git,56e2550768424947b8ecc78ccc4e2a017e4e180b,22.174660964898468,22.03176673527454,-0.14289422962392706,112.0,112.0,0.0,621.0,631.0,10.0
https://ghp_your_token_here@github.com/kagayaki-7/voice-changer.git,116023c5975d5a7c3af2c929b3bab9caaaf642bc,45.61853305641183,46.642141880796025,1.0236088243841988,51.13333333333333,51.2,0.06666666666666667,277.4,274.3,-3.1
https://ghp_your_token_here@github.com/VeraLIMS/Fundalyze.git,9b024839941b62a4fad35a70e321253fdfcdcbea,60.627324385301264,58.09658369792858,-2.5307406873726905,36.6,38.9,2.3,194.1,226.7,32.6
https://ghp_your_token_here@github.com/gedolesku/cgmes-py.git,3be3b29cd4d941d630323d4e66d267678ac6a3ea,97.93548655904675,82.25468761314757,-15.680798945899186,0.75,4.0,3.25,15.0,60.75,45.75
https://ghp_your_token_here@github.com/bozelosp/remod.git,007b7dfa41b285f62ed244b6a0b79b91e84abdd5,27.109216653274483,27.109216653274483,0.0,67.0,67.0,0.0,730.0,730.0,0.0
https://ghp_your_token_here@github.com/Pallesen01/spotify-playlist-downloader.git,0e45871f4f6353cca9380a465f3b53fbd9197f0c,53.42059086106948,54.7384108195146,1.3178199584451207,16.0,23.5,7.5,164.5,160.5,-4.0
https://ghp_your_token_here@github.com/davidheineman/minieval.git,7937537177266714367e5965c63adc3781874726,58.428533283127905,70.14377336792755,11.715240084799639,28.666666666666668,20.666666666666668,-8.0,168.33333333333334,139.66666666666666,-28.666666666666668
https://ghp_your_token_here@github.com/helloshowup/hope-clean.git,66c156114898b4bccffa7141615f1206f6d18c28,41.346431964085525,40.04594102731556,-1.3004909367699682,31.0,31.0,0.0,245.0,318.0,73.0
https://ghp_your_token_here@github.com/PedroH183/VoteManager.git,71f5f4c084a9b880eca0ad2c9eeca9c0f39d44dc,73.82186466680652,85.68476107524876,11.86289640844224,4.0,4.0,0.0,40.0,50.0,10.0
https://ghp_your_token_here@github.com/ammargrowme/asana-notification.git,33039ca421c3444c9076219d461e531e5fbbe2dd,43.54608896307536,43.250564318681576,-0.2955246443937867,39.0,39.0,0.0,320.0,322.0,2.0
https://ghp_your_token_here@github.com/VeraLIMS/Fundalyze.git,d65055aeb2d8873f2f5c48312183ed5a6728d5c7,66.93292298185078,64.66046725204583,-2.272455729804946,23.0,25.0,2.0,174.0,189.0,15.0
https://ghp_your_token_here@github.com/yetanotherchris/openwebui-importer.git,68e167226c67bcd0b876ed47251f5b6f561310b9,23.809423420411882,24.221043529540818,0.4116201091289362,67.0,65.0,-2.0,163.0,170.0,7.0
https://ghp_your_token_here@github.com/bozelosp/remod.git,a032e6a781763454664f1c5feccc138e5ff066de,30.571340023379495,30.571340023379495,0.0,50.5,50.5,0.0,467.0,467.0,0.0
https://ghp_your_token_here@github.com/thesavant42/retrorecon.git,7044f8e04a326211b875912ec757a06903a76c27,53.44659565752103,50.63126806679083,-2.8153275907301953,27.0,30.5,3.5,143.0,146.5,3.5
https://ghp_your_token_here@github.com/jirfig/Airbnb-ETL-pipeline-Spark-on-EMR-Redshift-Airflow.git,ed6d7e10b8b4ca484073a863006432b0a66ee18a,72.39884050199595,71.8892006136562,-0.5096398883397613,5.454545454545454,5.454545454545454,0.0,68.36363636363636,83.18181818181819,14.818181818181818
https://ghp_your_token_here@github.com/TonyDeRosia/evennia-minimud.git,f58d56c70a9b92afb2de9bf1884d454256d4568d,48.55196217101081,49.073096884491115,0.52113471348031,107.33333333333333,108.0,0.6666666666666666,1553.6666666666667,1557.3333333333333,3.6666666666666665
https://ghp_your_token_here@github.com/marco-jardim/Comparador-de-Registros.git,64ac5281726a08dac75691b67e6a4ef257d2b588,28.99659366069809,28.99659366069809,0.0,74.0,74.0,0.0,400.0,400.0,0.0
https://ghp_your_token_here@github.com/xXFirst555Xx/FuelTracker.git,ad6f9926c7b418316f9d8a8bc13ba7d8842d6588,48.46506973944717,48.46506973944717,0.0,22.5,22.5,0.0,214.5,214.5,0.0
https://ghp_your_token_here@github.com/oothomas/M3T_Classifer.git,b4e6e7b9a4abe0d71d545c7fbbf361c5341b4b09,63.00569501976554,64.32087047097014,1.3151754512045937,9.916666666666666,9.916666666666666,0.0,50.25,61.75,11.5
https://ghp_your_token_here@github.com/bakill3/maze-of-me.git,2b475e6d0850a02b2f7a4faf0dc7fd37b6f65f00,69.34097893401949,68.7126608863799,-0.6283180476395979,18.0,18.666666666666668,0.6666666666666666,104.0,105.0,1.0
https://ghp_your_token_here@github.com/dhirajbandi/Modified-Alexnet-Research-Review.git,e7b6b9816edccd5cb020d336b855ea6a6e474537,79.49923064685011,76.111721047348,-3.38750959950211,3.0,4.0,1.0,33.0,36.0,3.0
https://ghp_your_token_here@github.com/brunoamaral/gregory-ai.git,b06404b1908d474dd0cb59a19d86ff3c696f0ba1,57.650869639121574,56.49702304891473,-1.1538465902068467,26.0,28.0,2.0,379.0,387.0,8.0
https://ghp_your_token_here@github.com/edenede2/RL.git,0cf077d4e0b9885e9a24457be9b86e9e0351a933,70.71170759935222,58.42746072689372,-12.284246872458507,7.5,12.5,5.0,71.5,150.5,79.0
https://ghp_your_token_here@github.com/kuborro123/CBL-crime-and-security-Group7.git,cc1bf340f4b33865ea0c860514ea1dd5b9150c91,81.84859544416614,81.49497657831779,-0.35361886584835034,1.5,10.5,9.0,102.0,90.0,-12.0
https://ghp_your_token_here@github.com/fernando-duarte/china-game-pheromind.git,a9b8bd6a62e0359e4cf6bd02897c7a67456b18a5,76.83142850659561,76.0779769006703,-0.7534516059253183,11.333333333333334,11.333333333333334,0.0,80.0,75.33333333333333,-4.666666666666667
https://ghp_your_token_here@github.com/jonkensta/ibp-server.git,7a8d4798fa84bc819985e3d62da004eeb4b08673,45.58685457093711,45.710695343680456,0.1238407727433426,19.0,19.0,0.0,152.0,152.0,0.0
https://ghp_your_token_here@github.com/jtorgit/odoo.git,6411775fa13ce7eddc7867bf040fc0d9a5cfd443,93.72653988899211,81.53135300105014,-12.195186887941965,8.5,10.0,1.5,34.0,66.5,32.5
https://ghp_your_token_here@github.com/JoelTodd/pong-test.git,09ed2563b5ea14c0f4b2f1543e9d67e786a82675,61.61242090428545,61.5401106862871,-0.07231021799834991,20.857142857142858,20.857142857142858,0.0,119.71428571428571,119.71428571428571,0.0
https://ghp_your_token_here@github.com/VeraLIMS/Fundalyze.git,9ce32b725a9e18cac1c75ada6a1649b6ef9dabe3,49.48628531370971,54.63037864804483,5.144093334335125,42.0,45.0,3.0,209.0,246.0,37.0
https://ghp_your_token_here@github.com/boguckicollection/kartoteka.git,f8e074911933c6b8abda7914149505430332ee38,0.0,0.0,0.0,287.0,286.0,-1.0,2001.0,2003.0,2.0
https://ghp_your_token_here@github.com/TugrulKaraaslan/finansal-analiz-sistemi.git,a5293d16a5a96e6609edafa23da03d616a73ddbe,85.85903235546955,92.37405690241543,6.515024546945871,4.333333333333333,4.333333333333333,0.0,31.333333333333332,36.666666666666664,5.333333333333333
https://ghp_your_token_here@github.com/1ucian/1ucian.github.io.git,a4331177c0835f7862e2a6e4d49c276e9c75ae5b,34.06710683569956,33.186130084982324,-0.8809767507172381,39.0,40.0,1.0,244.0,251.0,7.0
https://ghp_your_token_here@github.com/sharvan9515/datascience_automation.git,3a306b2e5fce518cba5c2a515905f5c1735d66d8,62.07337456150807,61.83025991912955,-0.24311464237851904,11.555555555555555,11.555555555555555,0.0,95.88888888888889,97.33333333333333,1.4444444444444444
https://ghp_your_token_here@github.com/user-VMSmith/rapidPrototyping-1.git,b7ee8ca7f205d3e887da322347dd6bedc04a78a6,60.227967466677406,87.73960503170258,27.511637565025175,3.0,3.0,0.0,45.0,64.0,19.0
https://ghp_your_token_here@github.com/forntoh/LcdMenu.git,0fdaba6d3a17551f9ed13c45fae8364354508f8d,49.88112940242009,56.46552765180521,6.584398249385117,7.0,7.0,0.0,106.0,109.0,3.0
https://ghp_your_token_here@github.com/beecave-homelab/cloudflare-browser-rendering-cli.git,22907851fef89b1fac47632c6a03d500fc58add3,82.21461175357389,81.75277234878507,-0.4618394047888099,3.75,3.75,0.0,32.25,34.25,2.0
https://ghp_your_token_here@github.com/beecave-homelab/cloudflare-browser-rendering-cli.git,c2c0a1c026bb623196bc1e03f6c1f01469c98cca,100.0,100.0,0.0,0.8,0.8,0.0,9.6,10.6,1.0
https://ghp_your_token_here@github.com/TugrulKaraaslan/finansal-analiz-sistemi.git,08e5ebf819b75d1d6a351ef883c8c30cc2d2a94c,64.3309989142653,64.3309989142653,0.0,22.666666666666668,22.666666666666668,0.0,208.66666666666666,208.33333333333334,-0.3333333333333333
https://ghp_your_token_here@github.com/theallyprompts/PixelPruner.git,0bd09d4a19e70b20b8001f07eb7ea33b7777518b,40.65569892703884,38.533542719737326,-2.1221562073015185,94.5,97.0,2.5,582.5,606.5,24.0
https://ghp_your_token_here@github.com/AshKuhlmann/loop_bloom.git,e11fe3849f8cec6dc99e081cd974534518855cc5,69.87767011276132,70.76750210964252,0.8898319968812003,21.181818181818183,21.181818181818183,0.0,126.0909090909091,128.8181818181818,2.727272727272727
https://ghp_your_token_here@github.com/dowhiledev/nomos.git,53b8a5862597456ab7ffc9463dcd07a6dcdf1437,75.77712348459751,75.77712348459751,0.0,15.0,15.0,0.0,70.0,73.0,3.0
https://ghp_your_token_here@github.com/TonyDeRosia/evennia-minimud.git,f58d56c70a9b92afb2de9bf1884d454256d4568d,48.55196217101081,49.073096884491115,0.52113471348031,107.33333333333333,108.0,0.6666666666666666,1553.6666666666667,1557.3333333333333,3.6666666666666665
https://ghp_your_token_here@github.com/camiloquinnt21/Never-Broke-Again-.git,06c0468966fa99acaebb2f86b903fb5c51c03fe0,41.253720239180026,39.117129607794354,-2.1365906313856726,12.0,22.0,10.0,275.0,331.0,56.0
https://ghp_your_token_here@github.com/TugrulKaraaslan/finansal-analiz-sistemi.git,77118ce1b32955b5511138810965998d359a69a2,16.31793580534489,13.456979849277484,-2.860955956067407,182.0,182.0,0.0,1092.0,1040.0,-52.0
https://ghp_your_token_here@github.com/Dyhrr/Shorts.git,da72272cda1dc443809337e65b08a0ca8418bde2,39.378576644889726,38.58675212314114,-0.7918245217485875,34.0,35.0,1.0,180.0,197.0,17.0
https://ghp_your_token_here@github.com/dudarev/speechdown.git,246a757132d4401ef2aa0acf460d30e8f4b94d8e,74.78189891057224,70.20878501071776,-4.5731138998544765,4.0,15.0,11.0,30.0,76.0,46.0
https://ghp_your_token_here@github.com/Ckrest/MythForge.git,bf2ca49253f3489fda1a01c56fe6408f747cff9b,32.04302772671345,32.04302772671345,0.0,80.5,80.5,0.0,453.5,453.5,0.0
https://ghp_your_token_here@github.com/EoghannIrving/echo_journal.git,c861210b2011cc06b2e10f88c726c9677a3c9771,41.682968563754784,40.92412166541849,-0.7588468983362908,53.5,55.5,2.0,271.5,284.5,13.0
https://ghp_your_token_here@github.com/DO1FFE/qrcode.git,5ac01ab74cc5c1f8ef2ea1935d177dd8b4b6a954,21.592134979214922,20.236451160820028,-1.355683818394894,89.0,94.0,5.0,540.0,558.0,18.0
https://ghp_your_token_here@github.com/baptistaw/nutriapp.git,300636b1bb3d01eef386ed7df8b6d2fc67665256,0.0,0.0,0.0,1027.0,1027.0,0.0,4496.0,4546.0,50.0
https://ghp_your_token_here@github.com/waor1990/casino-calendar.git,d00787a336398020dc5fd25d2b6ddc857b13dcc7,38.562868330311616,38.562868330311616,0.0,1.0,1.0,0.0,477.0,477.0,0.0
https://ghp_your_token_here@github.com/Sambosis/Slaze.git,d8a5d25f6cc88248cd2bb9fca550fbab665c63eb,44.849851197518554,44.849851197518554,0.0,30.5,30.5,0.0,421.0,421.0,0.0
https://ghp_your_token_here@github.com/chughtapan/praga_core.git,a5d90b927a90be69682284d9d31d376c5c4366b0,58.392649274209234,62.44065648462406,4.048007210414824,46.6,51.2,4.6,264.8,316.0,51.2
https://ghp_your_token_here@github.com/Apocrathia/home-assistant-config.git,0758e0d18c621561fec7c20b4ffe46bd9eb9b752,100.0,66.30624199094333,-33.69375800905666,0.0,14.5,14.5,0.0,120.5,120.5
https://ghp_your_token_here@github.com/TristanSnyder/Property_Intelligence_Platform.git,5748e266e6610286d72af510e60effd33bfd3e8e,96.91043991924712,56.708117257772145,-40.20232266147499,0.4,40.4,40.0,11.4,316.5,305.1
https://ghp_your_token_here@github.com/Sambosis/harco.git,1dcb9f5eb7c41f2aacfeda50b8959fb277b6f99c,64.22275988952063,64.16443809233235,-0.05832179718828101,27.5,28.0,0.5,283.5,284.5,1.0
https://ghp_your_token_here@github.com/CameronWeller/ux-mirror.git,3a12b1c1f3f5cf71a4ddf011872eed4160c26485,33.240022485316125,33.0712662853679,-0.1687561999482332,88.25,91.0,2.75,620.5,616.75,-3.75
https://ghp_your_token_here@github.com/kevin-mind/nopo.git,4750b93b7d018046a8d6be5ce09bfd5ee3dc3005,91.20693622943936,79.92127250327418,-11.285663726165192,0.6666666666666666,8.666666666666666,8.0,72.0,129.66666666666666,57.666666666666664
https://ghp_your_token_here@github.com/femto/minion.git,2f1ecde69ba431a2a436a2692ed1780db05679d4,53.79372168368559,53.60787859914885,-0.18584308453673876,58.529411764705884,58.588235294117645,0.058823529411764705,384.4117647058824,386.47058823529414,2.0588235294117645
https://ghp_your_token_here@github.com/mattsp1290/spacetimedb-python-sdk.git,e3cd6c08dda29e1ac0f3b56fe8ace4b5973740de,41.817150672033605,41.817150672033605,0.0,87.0,87.0,0.0,640.0,640.0,0.0
https://ghp_your_token_here@github.com/GenomeNet/microbeLLM.git,9c0c962eb203d4971191d960888676d922415db6,0.0,0.0,0.0,366.0,366.0,0.0,2775.0,2775.0,0.0
https://ghp_your_token_here@github.com/SRValeev/Document-DB.git,cc4db0a8b6efd9af8c7e04144dc81a3d54b7426b,38.7406827412021,38.7406827412021,0.0,43.0,43.0,0.0,774.0,774.0,0.0
https://ghp_your_token_here@github.com/surp-hovhannes/bahk.git,dc3793654b4c8081755383aecc068da5811ba337,100.0,100.0,0.0,0.0,0.0,0.0,12.0,12.0,0.0
https://ghp_your_token_here@github.com/ranuka-laksika/LiverTumer-Segmentation.git,60a277a74639e76237ce0bc33dbae2580cfe7768,71.87233708146164,50.851501739988485,-21.020835341473152,5.5,14.0,8.5,130.5,477.0,346.5
https://ghp_your_token_here@github.com/csmangum/opusagent.git,b6b710dbfb855917bd8e8331920ba5b7cce77828,40.52472835131316,36.29819845956515,-4.226529891748008,77.0,82.0,5.0,550.0,817.0,267.0
https://ghp_your_token_here@github.com/xiaolangit/chan.py.git,b7074f5e1bfd37e5e66cd565e35f81cf209404e2,50.6331729607916,50.81410225591255,0.18092929512095424,52.0,52.0,0.0,310.0,311.0,1.0
https://ghp_your_token_here@github.com/legacy-use/legacy-use.git,04174a349bd496f4115df816c9d2c0dc5dcffedc,68.5155993276355,68.5155993276355,0.0,14.0,14.0,0.0,116.0,116.0,0.0
https://ghp_your_token_here@github.com/kevin-mind/nopo.git,25a352514b800e3f3ab45b714bb145fc1a927e4f,70.12476643462496,70.12476643462496,0.0,0.0,0.0,0.0,197.0,196.0,-1.0
https://ghp_your_token_here@github.com/surp-hovhannes/bahk.git,6da3c0279a4c0a39cc332983d678132b973ee347,78.05468520586966,77.77069230913551,-0.2839928967341445,16.4,16.533333333333335,0.13333333333333333,195.2,198.06666666666666,2.8666666666666667
https://ghp_your_token_here@github.com/msenay/agents.git,215568edae58fd2999cee55e03c3a9444c9ce711,0.0,0.0,0.0,408.0,408.0,0.0,2625.0,2626.0,1.0
https://ghp_your_token_here@github.com/Slimebro1231/TelegramBOT.git,927d2caed4a83e39980dc52d42c4791b461fd78b,5.350180108987022,7.121870864166116,1.771690755179094,207.0,194.0,-13.0,2144.0,2240.0,96.0
https://ghp_your_token_here@github.com/Sanchit3017/Wns_Project1.git,7b9ce6661bb68dd20e6ac97757a152b5e41de693,81.2011622372425,74.55505171309889,-6.6461105241436105,9.766666666666667,9.766666666666667,0.0,91.16666666666667,87.86666666666666,-3.3
https://ghp_your_token_here@github.com/KobiMou/Acoustics.git,a1ff5d5712204c43798a01b7576e8d80ae54ecf1,57.53521723276961,56.93563055267537,-0.5995866800942409,2.0,2.0,0.0,269.0,279.0,10.0
https://ghp_your_token_here@github.com/jango-blockchained/schichtplan.git,476439479c8cf934cd803557442df9cdbe2704d1,89.75998885835884,86.57142422451511,-3.1885646338437357,12.235294117647058,10.705882352941176,-1.5294117647058822,115.11764705882354,130.2941176470588,15.176470588235293
https://ghp_your_token_here@github.com/Vanish0314/model-format-comparision.git,e2af306b2dc10c4074485f11d6221f321142e327,0.0,0.0,0.0,416.0,451.0,35.0,1293.0,1396.0,103.0
https://ghp_your_token_here@github.com/csmangum/opusagent.git,2bb2492f7534f8f8806c7c8a40f08491f7a5ea33,67.5572082141334,67.69430971496456,0.13710150083116446,17.0,17.0,0.0,354.5,342.5,-12.0
https://ghp_your_token_here@github.com/csmangum/opusagent.git,7160137229a9b161abe25e2e9b3e034297ac3be4,56.22465253181984,50.658872799399596,-5.565779732420241,46.142857142857146,67.28571428571429,21.142857142857142,327.42857142857144,400.85714285714283,73.42857142857143
https://ghp_your_token_here@github.com/WorkflowAI/WorkflowAI.git,7567677629b759ae86b8ab3bf3b08075a851e685,83.15879015975241,82.36138715237854,-0.7974030073738732,12.0,12.0,0.0,94.0,96.0,2.0
https://ghp_your_token_here@github.com/voicebootix/jyotiflow-ai.git,300b4dd7e8f9f72386746b412600412fc1b72b5b,15.421021942460518,15.470376702828425,0.049354760367906536,165.0,165.0,0.0,1102.0,1100.0,-2.0
https://ghp_your_token_here@github.com/WenyinWei/zlayout.git,9b60ce484da719c26a9aedab0c2078ca6c5e5a7b,62.4223436333947,60.0140642329065,-2.4082794004882047,15.0,18.0,3.0,254.0,273.0,19.0
https://ghp_your_token_here@github.com/Zohair-coder/drexel-scraper.git,3aaa6d008e6f0fd185e87f98a6d2126962c609c8,79.36036853109567,79.5056888067601,0.14532027566443162,5.0,5.0,0.0,78.0,82.0,4.0
https://ghp_your_token_here@github.com/aravdash/MockPilot.git,25c360da379afc46cf3618d1e9da4e2f922349bc,90.07534582771412,70.56735031683746,-19.507995510876658,8.75,30.75,22.0,65.5,162.75,97.25
https://ghp_your_token_here@github.com/voicebootix/jyotiflow-ai.git,4230bbc7f398623c82d80491eae598193edb4577,41.32350342937444,40.930004312689924,-0.39349911668451654,36.0,37.0,1.0,3132.0,3138.0,6.0
https://ghp_your_token_here@github.com/DEEkSHA31-24/FINAL-SPHERE-Modified.git,a53379632b2988c65cc9ddd473e46f2f67cacbd7,0.0,0.0,0.0,349.0,351.0,2.0,1893.0,1893.0,0.0
https://ghp_your_token_here@github.com/browser-use/browser-use.git,dae751515a664b18b624ccdde7464c4413f36d55,57.2666811240838,57.620151497871156,0.35347037378735424,25.6,24.8,-0.8,244.6,231.2,-13.4
https://ghp_your_token_here@github.com/browser-use/browser-use.git,7e81592949d39af7c007036c2de03daec0a09cb3,57.28236671653159,56.076906020845264,-1.2054606956863267,26.0,27.666666666666668,1.6666666666666667,243.66666666666666,260.6666666666667,17.0
https://ghp_your_token_here@github.com/surp-hovhannes/bahk.git,af388856a32d411e8349fe64974436e62724dffb,44.22920554861498,44.42317872340111,0.1939731747861302,33.0,33.0,0.0,409.0,400.0,-9.0
https://ghp_your_token_here@github.com/surp-hovhannes/bahk.git,b85c85af97322e30427ca286c5541d98fddb7cf1,44.42317872340111,44.81978666216305,0.3966079387619388,33.0,33.0,0.0,400.0,399.0,-1.0
https://ghp_your_token_here@github.com/surp-hovhannes/bahk.git,533f4f64cd937289cfde3a1463a12a01bbbb4461,44.81978666216305,44.90692013750632,0.08713347534327198,33.0,33.0,0.0,399.0,398.0,-1.0
https://ghp_your_token_here@github.com/voicebootix/jyotiflow-ai.git,4230bbc7f398623c82d80491eae598193edb4577,41.32350342937444,40.930004312689924,-0.39349911668451654,36.0,37.0,1.0,3132.0,3138.0,6.0
https://ghp_your_token_here@github.com/aeresov/pytest-http.git,8372f2ccd4f2216c53c30edf3f99327b0d2ffdea,46.47348087019631,40.83543839917897,-5.638042471017348,58.0,47.5,-10.5,242.5,237.0,-5.5
https://ghp_your_token_here@github.com/pratham5188/StockTrendAIbackup.git,b8fc2af678da8f09a0dc0a1383d332422bb6b942,0.0,0.0,0.0,390.0,390.0,0.0,3435.0,3435.0,0.0
https://ghp_your_token_here@github.com/sasakama-code/sphinxcontrib-jsontable.git,6f3d96bc9cb6b82d1485678ba2c510a2a07417b4,60.40527513978234,60.40527513978234,0.0,18.0,18.0,0.0,165.0,167.0,2.0
https://ghp_your_token_here@github.com/chughtapan/praga_core.git,3369f56e0a72136520eb73dd62ae53be66d5e767,54.468293438574946,55.48505297661934,1.016759538044397,55.0,52.0,-3.0,474.0,465.0,-9.0
https://ghp_your_token_here@github.com/csmangum/opusagent.git,82a9505eb5207ee58145a4390d0ee00e2876b732,91.07685934244286,91.0083631952939,-0.06849614714895758,10.25,10.375,0.125,194.375,198.125,3.75
https://ghp_your_token_here@github.com/csmangum/opusagent.git,2bb2492f7534f8f8806c7c8a40f08491f7a5ea33,67.5572082141334,67.69430971496456,0.13710150083116446,17.0,17.0,0.0,354.5,342.5,-12.0
https://ghp_your_token_here@github.com/csmangum/opusagent.git,7160137229a9b161abe25e2e9b3e034297ac3be4,56.22465253181984,50.658872799399596,-5.565779732420241,46.142857142857146,67.28571428571429,21.142857142857142,327.42857142857144,400.85714285714283,73.42857142857143
https://ghp_your_token_here@github.com/neuq2004/clash-.git,86a037c66cf0f63534c5802f2a36e1597c22a56e,0.0,0.0,0.0,310.0,310.0,0.0,1859.0,1859.0,0.0
https://ghp_your_token_here@github.com/voicebootix/jyotiflow-ai.git,33daa989f5508308db7c1f1eab1764f6b4de87ff,13.722992171112093,13.555053269062306,-0.16793890204978723,171.5,172.0,0.5,1157.5,1159.5,2.0
https://ghp_your_token_here@github.com/knowsuchagency/openai-agents-python.git,14600ee2a7f67403308470e83eb1ef4008ff9572,59.53480054991332,59.449173326261324,-0.08562722365200533,44.666666666666664,42.666666666666664,-2.0,461.0,457.0,-4.0
https://ghp_your_token_here@github.com/aganesh22/EmpWell-Cursor.ai.git,2c8eb10743fc3a6cb8e2770f949f2f7880d6804b,63.37040617022015,64.26029200231514,0.8898858320949898,15.0,15.0,0.0,198.0,201.0,3.0
https://ghp_your_token_here@github.com/SithHades/poly-reward.git,076a9427cf9cd53936c6a52e22f5c6227f5abda8,10.438049077355547,10.464735529397666,0.026686452042119058,202.0,202.0,0.0,1248.0,1248.0,0.0
https://ghp_your_token_here@github.com/surp-hovhannes/bahk.git,1f7c01484cdf8a9de82ee38a110d31435ca30691,59.877630475241276,61.020898919284086,1.1432684440428105,35.0,35.0,0.0,261.0,252.0,-9.0
https://ghp_your_token_here@github.com/Vanish0314/model-format-comparision.git,f95c3283592ea1c6f9e116f4679940a0e1f77f88,0.0,0.0,0.0,403.0,403.0,0.0,1257.0,1268.0,11.0
https://ghp_your_token_here@github.com/ghollbeck/Multi-Agent-Equilibria.git,a3ced6f8c229f3023c6c59cdaeaba0964ecda5c0,43.838330762455136,42.60387476624371,-1.2344559962114232,67.0,74.0,7.0,771.0,789.0,18.0
https://ghp_your_token_here@github.com/ghollbeck/Multi-Agent-Equilibria.git,8098ce110d39e923f5f6e370fb9672fa7a4f4147,100.0,68.98503921172474,-31.01496078827526,0.0,3.0,3.0,0.0,60.0,60.0
https://ghp_your_token_here@github.com/eric-haibin-lin/verl.git,26e26d1e91da6a4fd17d3abb3db78edf57636cfe,15.748607911568948,15.840919851611954,0.09231194004300569,183.0,183.0,0.0,1353.0,1356.0,3.0
https://ghp_your_token_here@github.com/crewAIInc/crewAI.git,7a19bfb4a92513477788d453e5978557eefc8247,44.59259215190303,33.36224548136573,-11.230346670537296,124.75,129.0,4.25,906.25,945.0,38.75
https://ghp_your_token_here@github.com/morishitaimpl/snowdepth_regression.git,23724baedcb6399e1181c295cec651c82bdd6d12,43.856829412545466,42.75219131003319,-1.1046381025122756,0.0,0.0,0.0,136.0,151.0,15.0
https://ghp_your_token_here@github.com/rajib10682/lms-content-mgmt-service.git,041ddb646c0fb527544f768e9fd089b9ef27581b,58.8012586246832,31.75066920683092,-27.050589417852287,55.0,67.5,12.5,272.5,407.5,135.0
https://ghp_your_token_here@github.com/airbytehq/airbyte-python-cdk.git,1b8c89efb34dbbf90994f366900b384007acaad2,59.69331278744796,57.70507644288184,-1.9882363445661184,25.0,25.0,0.0,212.0,217.0,5.0
https://ghp_your_token_here@github.com/proboscis/pinjected.git,990f554b74661d5f8436861708e9c02bcc05d308,55.66110939667182,55.05604936731689,-0.6050600293549293,79.11111111111111,81.66666666666667,2.5555555555555554,423.3333333333333,435.3333333333333,12.0
https://ghp_your_token_here@github.com/proboscis/pinjected.git,965aef5aa0f558a6c8ef4d18c8d3bd35d81628b4,61.94451521642616,52.07383211943086,-9.870683096995293,55.714285714285715,65.14285714285714,9.428571428571429,321.14285714285717,364.42857142857144,43.285714285714285
https://ghp_your_token_here@github.com/nishio/ai_project_manager.git,a3f94841177e1d40e30417b372430afc2e4465d5,89.30849443898407,66.80217213206178,-22.50632230692229,7.0,27.0,20.0,45.5,119.0,73.5
https://ghp_your_token_here@github.com/statsig-io/docs.git,9cbcc580f31fbfdf343dee9568481f1a0d9587a5,53.515563624634936,53.01455217107254,-0.5010114535623984,40.0,41.0,1.0,188.0,189.0,1.0
https://ghp_your_token_here@github.com/ctindel/weaviate-python-client.git,6f1d4ad90f7620d39a4a643733dbb6cf37230a0c,36.825032347026635,36.925942752326,0.10091040529936172,86.2,86.0,-0.2,486.6,489.4,2.8
https://ghp_your_token_here@github.com/MatthewEngman/documind.git,759dce6e8c0195ed6d3a6e92844db12fa41c9bca,56.23691508772257,57.25040428871738,1.0134892009948047,25.0,25.0,0.0,239.0,240.0,1.0
https://ghp_your_token_here@github.com/eric-haibin-lin/verl.git,2c9e38a06446a6a026f6a68d80c5c58bf4fa37aa,61.52747503153398,61.24743480270448,-0.2800402288294935,41.12549019607843,41.12549019607843,0.0,271.82745098039214,291.39607843137253,19.568627450980394
https://ghp_your_token_here@github.com/crewAIInc/crewAI.git,122cdb5145a57212a97ca726beb4161a6aa2de77,58.69718331596195,61.26867784822647,2.5714945322645058,34.666666666666664,42.333333333333336,7.666666666666667,168.33333333333334,302.0,133.66666666666666
https://ghp_your_token_here@github.com/crewAIInc/crewAI.git,dbf8da2d9c21f973e6ec63e18c66a8f0980a7816,67.1816685383634,64.20951155639806,-2.972156981965346,14.0,24.0,10.0,66.33333333333333,125.33333333333333,59.0
https://ghp_your_token_here@github.com/crewAIInc/crewAI.git,d6acd9c249198b947d31b410dd52962d72306c6d,35.33105697579189,35.552369617054076,0.22131264126219002,92.85714285714286,92.42857142857143,-0.42857142857142855,992.1428571428571,1000.1428571428571,8.0
https://ghp_your_token_here@github.com/proboscis/pinjected.git,990f554b74661d5f8436861708e9c02bcc05d308,55.66110939667182,55.05604936731689,-0.6050600293549293,79.11111111111111,81.66666666666667,2.5555555555555554,423.3333333333333,435.3333333333333,12.0
https://ghp_your_token_here@github.com/proboscis/pinjected.git,965aef5aa0f558a6c8ef4d18c8d3bd35d81628b4,61.94451521642616,52.07383211943086,-9.870683096995293,55.714285714285715,65.14285714285714,9.428571428571429,321.14285714285717,364.42857142857144,43.285714285714285
https://ghp_your_token_here@github.com/andrewgcodes/repo2prompt.git,387c301992f8d2707f7a7bd284810935d50bf2e9,44.66942557109281,43.794329620343134,-0.8750959507496745,18.0,18.0,0.0,328.0,329.0,1.0
https://ghp_your_token_here@github.com/mattlink/pyrexpaint.git,0aeff70fe1005956d8b4e186ce686d17f3d31543,66.41870372331672,70.20773325568672,3.7890295323699945,9.0,9.0,0.0,109.0,117.0,8.0
https://ghp_your_token_here@github.com/aman965/demo-vrp-agent.git,6983e2566b32b0d5ffa6503588251cfa0265de7b,19.789596450950807,19.789596450950807,0.0,15.0,15.0,0.0,667.0,667.0,0.0
https://ghp_your_token_here@github.com/proboscis/pinjected.git,abf904fb6d87eaf950d4c20bdc4891969b5123b6,63.838878643938614,62.29977276758336,-1.5391058763552437,26.5,27.0,0.5,161.0,167.5,6.5
https://ghp_your_token_here@github.com/proboscis/pinjected.git,759e274b8f44523b994a499e1f92414c621b8620,37.200611472418394,35.35520670892298,-1.8454047634954147,98.5,103.0,4.5,408.5,445.0,36.5
https://ghp_your_token_here@github.com/proboscis/pinjected.git,a73a50b3be9da01b21efa8dcaa2ace35b3e546db,55.66110939667182,55.05604936731689,-0.6050600293549293,79.11111111111111,81.66666666666667,2.5555555555555554,423.3333333333333,435.3333333333333,12.0
https://ghp_your_token_here@github.com/proboscis/pinjected.git,755f3e9c857383c2979093a8b82293f177838d8f,61.94451521642616,52.07383211943086,-9.870683096995293,55.714285714285715,65.14285714285714,9.428571428571429,321.14285714285717,364.42857142857144,43.285714285714285
https://ghp_your_token_here@github.com/morishitaimpl/snowdepth_regression.git,81274e52755067081108d76554c0fe4503893028,100.0,44.24951638787817,-55.75048361212183,0.0,7.0,7.0,0.0,175.0,175.0
https://ghp_your_token_here@github.com/philr-a1/mj-will_nessai__fork__a4b3af0.git,eb394fe83c7d857eb71140a21da8d4cddc27d26c,53.15561518455908,53.34166972357657,0.18605453901749058,48.0,49.0,1.0,442.0,441.0,-1.0
https://ghp_your_token_here@github.com/Blankeeir/dashboard_cta.git,e8c48b584e71294a6b2020fd8d2b80bc97302bb4,41.58443177586017,41.46551874979886,-0.11891302606130694,0.0,0.0,0.0,498.0,502.0,4.0
https://ghp_your_token_here@github.com/bparanj/aiviz.git,357a742dfea95a7593d9cba76978565ba2907f90,87.36789098796936,57.87614477984092,-29.491746208128443,5.0,29.666666666666668,24.666666666666668,36.0,188.66666666666666,152.66666666666666
https://ghp_your_token_here@github.com/carlvisagie/purposeful-ai-backend.git,9476315b806e6788ab1207c241f3d84f1fd58ad6,93.00119758661509,51.776411094679865,-41.22478649193523,1.0909090909090908,29.181818181818183,28.09090909090909,6.909090909090909,179.63636363636363,172.72727272727272
https://ghp_your_token_here@github.com/ghollbeck/Multi-Agent-Equilibria.git,a3ced6f8c229f3023c6c59cdaeaba0964ecda5c0,43.838330762455136,42.60387476624371,-1.2344559962114232,67.0,74.0,7.0,771.0,789.0,18.0
https://ghp_your_token_here@github.com/ghollbeck/Multi-Agent-Equilibria.git,8098ce110d39e923f5f6e370fb9672fa7a4f4147,100.0,68.98503921172474,-31.01496078827526,0.0,3.0,3.0,0.0,60.0,60.0
https://ghp_your_token_here@github.com/oEdyb/DNA-PAINT_thermometry.git,48d6c723969d0045c09115b1b1d3c93d5e3d1dd8,50.87387172393556,35.62558664656494,-15.24828507737062,54.75,62.25,7.5,556.25,619.25,63.0
https://ghp_your_token_here@github.com/crewAIInc/crewAI.git,a6d9741d18247769393a9b9a5de986cd042b8200,25.680302273477785,40.94074777818213,15.260445504704343,57.0,83.0,26.0,343.0,449.0,106.0
https://ghp_your_token_here@github.com/crewAIInc/crewAI.git,acabaee48053ed5e0310f97d9bedd9840603a05b,40.1030761072771,39.39655754199013,-0.7065185652869728,71.5,73.0,1.5,540.0,548.75,8.75
https://ghp_your_token_here@github.com/cognition-workshop/kafka.git,7b1cd3ab41c3027a6aead39e89d1ce280a1db187,0.0,0.0,0.0,414.0,418.0,4.0,1921.0,1940.0,19.0
https://ghp_your_token_here@github.com/AgnusSOCO/NationStatesBot-Backend.git,ca0da5f307817f891bcd9b782318ce2fbd303113,60.48745242550248,57.10753643798615,-3.379915987516334,17.0,22.0,5.0,163.0,203.0,40.0
https://ghp_your_token_here@github.com/jameshe3/EMRDevin.git,716f9d5bfd601c4fd92d445c33a9f95cee65031c,98.7052306517772,97.70707839817675,-0.9981522536004519,1.0,1.0,0.0,22.0,22.0,0.0
https://ghp_your_token_here@github.com/crewAIInc/crewAI.git,aa8d506661b4a6e2312e2ea0938f3e966d48a846,63.0112476094015,62.6458189623719,-0.36542864702960703,59.666666666666664,61.666666666666664,2.0,335.3333333333333,340.6666666666667,5.333333333333333
https://ghp_your_token_here@github.com/cdzombak/an4mon.git,e6b2c282cc8d6e05f7ade8400c79ee30065b9b81,64.59878014220911,80.08513966082572,15.48635951861661,3.0,3.0,0.0,14.0,29.0,15.0
https://ghp_your_token_here@github.com/eric-haibin-lin/verl.git,26e26d1e91da6a4fd17d3abb3db78edf57636cfe,15.748607911568948,15.840919851611954,0.09231194004300569,183.0,183.0,0.0,1353.0,1356.0,3.0
https://ghp_your_token_here@github.com/cagojeiger/mcp-chart-image-scanner.git,7eaff2e171f709691519e8651592453bfa120e06,89.04816196040072,77.99280766498222,-11.055354295418494,4.0,14.0,10.0,12.0,102.75,90.75
https://ghp_your_token_here@github.com/rawlencecn/deer-flow.git,8c68b041b545c4519572ff323f3afdc9cab89b0b,79.22434758981535,71.53457920013007,-7.689768389685278,16.22222222222222,26.333333333333332,10.11111111111111,142.66666666666666,210.66666666666666,68.0
https://ghp_your_token_here@github.com/crewAIInc/crewAI.git,b6d668fc664c5f376626f06acdf48f9f462884e2,100.0,61.88126731665241,-38.11873268334759,0.0,18.0,18.0,0.0,104.0,104.0
https://ghp_your_token_here@github.com/crewAIInc/crewAI.git,00c2f5043e80be88dc3337d5e57a73358f5ca11a,68.49579020995469,61.41951176055669,-7.076278449398005,53.02857142857143,58.02857142857143,5.0,385.22857142857146,433.57142857142856,48.34285714285714
https://ghp_your_token_here@github.com/kwannz/bera-.git,6a2ff8069aa12ba11e1e2e093c937ab35c56f821,54.36493356078453,55.55333494564892,1.188401384864387,17.666666666666668,13.333333333333334,-4.333333333333333,97.66666666666667,106.66666666666667,9.0
https://ghp_your_token_here@github.com/morishitaimpl/snowdepth_regression.git,ebe0d9d7d14a715ba0da90741e93bc1fb327def5,100.0,75.45835310994158,-24.54164689005842,2.0,2.0,0.0,27.5,90.5,63.0
https://ghp_your_token_here@github.com/benzdriver/youtubeAnalyzer.git,a935f069efe2f1a0891923769c17a50fc9e55db0,48.9083618217249,48.94614585920109,0.03778403747618834,24.666666666666668,24.666666666666668,0.0,213.33333333333334,218.0,4.666666666666667
https://ghp_your_token_here@github.com/COG-GTM/DeepSeek-V3.git,3bcfb17562bf801fb1c81a230baa7b4ef545bcd3,59.70356537811159,52.65264622693137,-7.050919151180224,24.0,46.0,22.0,185.0,232.0,47.0
https://ghp_your_token_here@github.com/crewAIInc/crewAI.git,6c8677a2d76f547a067910ccc1cfe5518b748067,100.0,46.074409340910904,-53.925590659089096,0.0,17.0,17.0,0.0,58.0,58.0
https://ghp_your_token_here@github.com/morishitaimpl/snowdepth_regression.git,19ef3a737d7864f424dc0c2534dff9ea1a79112c,72.12475819393909,71.92841470627273,-0.19634348766635057,5.5,2.0,-3.5,100.5,82.0,-18.5
https://ghp_your_token_here@github.com/nabeelhyatt/ttl-planning.git,d5bcd773caf716eddc49029efee394d769a144d7,46.66942568092202,46.21827057315696,-0.45115510776506085,38.0,38.0,0.0,526.0,565.0,39.0
https://ghp_your_token_here@github.com/chandrakanthm/skyvern.git,5850223bc2c2e2acd77c7d5764a8433b95b0c821,100.0,33.819686865957834,-66.18031313404215,0.0,43.0,43.0,0.0,290.3333333333333,290.3333333333333
https://ghp_your_token_here@github.com/omar-coderabbitai/og-test-jira-uno.git,e0642deeaee13897d97a0128ebabccb90b44e9c6,70.8998755372095,70.8998755372095,0.0,14.0,14.0,0.0,69.0,69.0,0.0
https://ghp_your_token_here@github.com/alonzo151/gridder.git,36a86738e33649cac608602f24fb19bf03ba27f1,21.102709313436364,21.03697602650012,-0.06573328693624347,56.0,56.0,0.0,316.0,325.0,9.0
https://ghp_your_token_here@github.com/reflex-dev/reflex-web.git,68afd5c9e677e626218e7dc4b2584ff5c1e61b3e,54.696700665402766,55.29860523018405,0.601904564781286,20.5,20.5,0.0,337.0,338.0,1.0
https://ghp_your_token_here@github.com/pchyu/Data_Analytics.git,8ca1653b8ed22f769be4e63afe976536b3a9f03c,100.0,44.65863070522181,-55.34136929477819,0.0,24.0,24.0,0.0,994.0,994.0
https://ghp_your_token_here@github.com/barthur63/llm-engine.git,d2c35a1e94fe7247485208b541b1bc6e17f2f896,13.9089678264529,13.955760004781508,0.04679217832860871,348.0,348.0,0.0,2131.0,2130.5,-0.5
https://ghp_your_token_here@github.com/qkxie/test_devin.git,0f50ed3f19ded84227007126c9812e58297c2f44,54.41883487634169,57.89780988835375,3.4789750120120573,17.0,13.0,-4.0,80.0,74.0,-6.0
https://ghp_your_token_here@github.com/crewAIInc/crewAI.git,6c3f4a6446645f72fb3d8498f9243dc4bfc174dd,0.0,0.0,0.0,257.0,257.0,0.0,1310.0,1308.0,-2.0
https://ghp_your_token_here@github.com/crewAIInc/crewAI.git,f4efdc55e22e0e8a5d8d5c446d571155cdabc791,31.313454927099606,31.570955413156994,0.2575004860573884,143.5,144.0,0.5,730.0,734.5,4.5
https://ghp_your_token_here@github.com/itstabya/devin-github-issues-integration.git,e3c6b02548be54a375379c713081b5c3fdbbd137,60.55006263545026,59.34267087476215,-1.2073917606881182,28.0,30.5,2.5,195.0,221.5,26.5
https://ghp_your_token_here@github.com/airbytehq/airbyte-python-cdk.git,9f5cc5408efe801a4281ee4d049e634c180bd7f4,47.93447440278465,47.57988095508447,-0.3545934477001822,55.333333333333336,55.333333333333336,0.0,436.0,440.6666666666667,4.666666666666667
https://ghp_your_token_here@github.com/airbytehq/airbyte-python-cdk.git,5823dfccfaeb82c90bf9d862d4a1f0c01c23aa22,49.699734234275425,49.699734234275425,0.0,54.5,54.5,0.0,464.0,464.0,0.0
https://ghp_your_token_here@github.com/BenWarbie/Sodav2.git,dbd0851046a6e159e1cb3f4a170c60f49e156ed9,49.79199596295941,49.995746052128865,0.20375008916945347,42.0,41.0,-1.0,460.0,463.0,3.0
https://ghp_your_token_here@github.com/crewAIInc/crewAI.git,7c98269a79c4efff41f826ed10c249c766797e41,45.351995365398025,45.318336607124834,-0.03365875827319442,68.0,68.0,0.0,357.5,359.5,2.0
https://ghp_your_token_here@github.com/oEdyb/DNA-PAINT_thermometry.git,18041f8d9e4a03745f05285c579fad74af66dac7,75.75431452342418,53.8656285724648,-21.888685950959378,28.6,48.6,20.0,279.8,429.6,149.8
https://ghp_your_token_here@github.com/Tomodo1773/line-character-agent.git,222aa4620995b370e3826c1d8d9969882a7a66ab,72.28502573349408,73.3496479246068,1.0646221911127185,21.0,19.0,-2.0,102.0,100.0,-2.0
https://ghp_your_token_here@github.com/nevinbuilds/bruniai-action.git,fd680895144ea9f7820ff282929157325a6103f1,61.902940951849445,53.13687616896415,-8.766064782885294,15.5,28.5,13.0,131.0,172.5,41.5
https://ghp_your_token_here@github.com/BosTheCoder/ai-personal-trainer.git,ec579f929caca9581698c0d005e00012dc35b09c,63.10756497932531,62.82500472857584,-0.28256025074946933,9.0,9.0,0.0,66.0,67.0,1.0
https://ghp_your_token_here@github.com/nishio/broadlistening-research.git,76c0a5ad172239ce31e4cee35452899531f402e0,77.57544553535932,79.94442805443752,2.3689825190782017,4.0,2.0,-2.0,53.0,64.0,11.0
https://ghp_your_token_here@github.com/crewAIInc/crewAI.git,144b96986ecf85bd7e5de96c1d2742d95d6da39e,100.0,100.0,0.0,9.0,9.0,0.0,50.0,50.0,0.0
https://ghp_your_token_here@github.com/crewAIInc/crewAI.git,e659c352df0404977a6836b6bf38115b9aaf75e0,50.13399143874899,50.13399143874899,0.0,113.8,113.2,-0.6,622.0,626.2,4.2
https://ghp_your_token_here@github.com/crewAIInc/crewAI.git,773da3f99479238bb380ee5ef1c164f57ec66784,100.0,100.0,0.0,8.0,6.0,-2.0,125.0,91.0,-34.0
https://ghp_your_token_here@github.com/proboscis/pinjected.git,990f554b74661d5f8436861708e9c02bcc05d308,55.66110939667182,55.05604936731689,-0.6050600293549293,79.11111111111111,81.66666666666667,2.5555555555555554,423.3333333333333,435.3333333333333,12.0
https://ghp_your_token_here@github.com/proboscis/pinjected.git,965aef5aa0f558a6c8ef4d18c8d3bd35d81628b4,61.94451521642616,52.07383211943086,-9.870683096995293,55.714285714285715,65.14285714285714,9.428571428571429,321.14285714285717,364.42857142857144,43.285714285714285
https://ghp_your_token_here@github.com/nuts-has-been-taken/stock-report-linebot.git,e6b825bf21279c49cc5b00f6938e50fa37fbba36,76.52189277913861,75.31652715693532,-1.2053656222032831,9.375,12.875,3.5,102.0,128.875,26.875
https://ghp_your_token_here@github.com/crewAIInc/crewAI-tools.git,e470e88953976288cab702d7cb6b0c62c0cedeae,53.284243018163764,66.06696282700916,12.7827198088454,11.0,14.0,3.0,84.0,141.0,57.0
https://ghp_your_token_here@github.com/lowrycito/dbkb.git,dab5b5c59f2b20bb8750ae44381a201d0c7607ca,85.10136562395557,63.832204806280686,-21.269160817674887,0.0,8.5,8.5,234.5,281.5,47.0
https://ghp_your_token_here@github.com/crewAIInc/crewAI.git,52a81d15b520cd3dcc28fbd93a7f5604569b1e83,1.400006482334078,1.4538420987332197,0.05383561639914151,277.0,277.0,0.0,2469.3333333333335,2477.3333333333335,8.0
https://ghp_your_token_here@github.com/kydlikebtc/SpaceVoices.git,1fa3d80578a76cf917678a87987f6422c20778fb,16.766497387813228,16.864353814120864,0.09785642630763647,146.0,146.0,0.0,1450.0,1447.0,-3.0
https://ghp_your_token_here@github.com/crewAIInc/crewAI.git,8195aaedea1c1cb2fd30a654c2d38bb0cdeb96f0,29.508951116033284,30.603797553405716,1.094846437372432,111.0,111.0,0.0,706.0,719.0,13.0
https://ghp_your_token_here@github.com/ccoders01/devin-iris-rahul2.git,ca3f7e0ea4d948b9441abf8c86e3206ee1f3b041,25.51666105691508,24.248792491212683,-1.267868565702397,66.0,69.0,3.0,386.0,396.0,10.0
https://ghp_your_token_here@github.com/kilica/workestimator.git,e1c0425024e5c6d4030aac25f2010f0f0b8176b8,100.0,61.61669113045498,-38.38330886954502,0.0,0.0,0.0,0.0,14.0,14.0
